use elidek_03115170;

INSERT INTO `Organization` (`abrv`, `full_name`, `address`, `category`) VALUES ('abrll', 'Parker Inc', '1618 Carol Trail\nWest Ladarius, MA 65684', 'research_institute');
INSERT INTO `Organization` (`abrv`, `full_name`, `address`, `category`) VALUES ('agfov', 'Lueilwitz-Hahn', '9181 Bergstrom Divide\nEast Sadye, FL 80918', 'university');
INSERT INTO `Organization` (`abrv`, `full_name`, `address`, `category`) VALUES ('cuvuh', 'Borer, Zemlak and Russel', '48998 Walter Valley\nThielport, AR 04155', 'university');
INSERT INTO `Organization` (`abrv`, `full_name`, `address`, `category`) VALUES ('dfvjj', 'Boyer-McGlynn', '72047 Wilderman Mountains Suite 237\nRodriguezland, PA 61616-9235', 'research_institute');
INSERT INTO `Organization` (`abrv`, `full_name`, `address`, `category`) VALUES ('eeufy', 'Keebler, Stokes and Jast', '097 Pfannerstill Shore\nEast Cecilborough, MI 07792', 'company');
INSERT INTO `Organization` (`abrv`, `full_name`, `address`, `category`) VALUES ('elykf', 'Kozey and Sons', '1482 Antone Bypass Suite 574\nSauerport, MN 97538-9652', 'company');
INSERT INTO `Organization` (`abrv`, `full_name`, `address`, `category`) VALUES ('fouyv', 'Crona, Conroy and Hand', '2871 Abby Coves Suite 489\nWest Ethyl, NH 82683', 'university');
INSERT INTO `Organization` (`abrv`, `full_name`, `address`, `category`) VALUES ('gjbud', 'Bosco, Moen and Trantow', '39748 Yost Junctions Suite 948\nEwellmouth, OH 06008', 'research_institute');
INSERT INTO `Organization` (`abrv`, `full_name`, `address`, `category`) VALUES ('glzky', 'Gislason PLC', '76807 Christine Turnpike Apt. 210\nMorarport, NE 50637', 'research_institute');
INSERT INTO `Organization` (`abrv`, `full_name`, `address`, `category`) VALUES ('gqnhw', 'Reichert Ltd', '674 Ward Lakes Suite 414\nGibsonhaven, CA 69215-0340', 'company');
INSERT INTO `Organization` (`abrv`, `full_name`, `address`, `category`) VALUES ('hgmug', 'Wunsch and Sons', '563 Isai Key Apt. 682\nMaryamtown, NM 22725', 'university');
INSERT INTO `Organization` (`abrv`, `full_name`, `address`, `category`) VALUES ('ipgwl', 'Padberg-Bahringer', '5319 Vickie Fall\nLake Sarina, MS 29776', 'research_institute');
INSERT INTO `Organization` (`abrv`, `full_name`, `address`, `category`) VALUES ('iuwgi', 'Beatty-Parisian', '432 Skye Crest Apt. 369\nPort Serena, CO 76514-7931', 'company');
INSERT INTO `Organization` (`abrv`, `full_name`, `address`, `category`) VALUES ('ixctt', 'Kuhic LLC', '90801 Beier Fork Apt. 268\nSavionville, NJ 67664', 'research_institute');
INSERT INTO `Organization` (`abrv`, `full_name`, `address`, `category`) VALUES ('jcwmc', 'Witting, Heidenreich and Schamberger', '79666 Runte Hill Suite 846\nImeldaborough, VT 95085', 'research_institute');
INSERT INTO `Organization` (`abrv`, `full_name`, `address`, `category`) VALUES ('kiznc', 'Rempel and Sons', '427 Doyle Streets\nWest Cassandraport, NM 02932-6508', 'company');
INSERT INTO `Organization` (`abrv`, `full_name`, `address`, `category`) VALUES ('lmnbq', 'Crooks, Bailey and Dietrich', '72867 Carter Track\nEast Jarredtown, OH 14219-6136', 'research_institute');
INSERT INTO `Organization` (`abrv`, `full_name`, `address`, `category`) VALUES ('ltult', 'Cronin Group', '096 Lueilwitz Ville Suite 529\nPort Franco, FL 39435', 'company');
INSERT INTO `Organization` (`abrv`, `full_name`, `address`, `category`) VALUES ('mgalm', 'Ondricka-Emard', '953 Joel Expressway Suite 421\nWest Jacky, VA 38872-1844', 'research_institute');
INSERT INTO `Organization` (`abrv`, `full_name`, `address`, `category`) VALUES ('muanc', 'Hartmann, Waters and Greenholt', '7111 Federico Creek\nBreitenbergburgh, MI 75910', 'company');
INSERT INTO `Organization` (`abrv`, `full_name`, `address`, `category`) VALUES ('nueya', 'Rodriguez LLC', '58368 Beryl Station\nStoneside, IN 70425', 'company');
INSERT INTO `Organization` (`abrv`, `full_name`, `address`, `category`) VALUES ('nwtpl', 'Roberts and Sons', '627 Malinda Plain Suite 730\nSmithammouth, ME 73120', 'university');
INSERT INTO `Organization` (`abrv`, `full_name`, `address`, `category`) VALUES ('ofelj', 'Wolf-Johns', '75570 Grimes Knolls\nRomafurt, AL 32131-7621', 'university');
INSERT INTO `Organization` (`abrv`, `full_name`, `address`, `category`) VALUES ('ottej', 'Casper Group', '871 Aidan Views\nKyleighport, OH 20529-9620', 'company');
INSERT INTO `Organization` (`abrv`, `full_name`, `address`, `category`) VALUES ('paeaq', 'Lemke-Lesch', '270 Tanya Way\nHartmannton, KY 08029-9208', 'research_institute');
INSERT INTO `Organization` (`abrv`, `full_name`, `address`, `category`) VALUES ('piftj', 'Smitham and Sons', '560 Letha Fields\nPort Gusburgh, NC 48888-3139', 'company');
INSERT INTO `Organization` (`abrv`, `full_name`, `address`, `category`) VALUES ('pmtic', 'Kub-Will', '444 Raleigh Hill Apt. 286\nPort Jerod, TX 93563', 'university');
INSERT INTO `Organization` (`abrv`, `full_name`, `address`, `category`) VALUES ('pqmuw', 'Huels Ltd', '924 Kuhlman Throughway\nSchambergerton, IN 52830', 'university');
INSERT INTO `Organization` (`abrv`, `full_name`, `address`, `category`) VALUES ('prcoy', 'Cronin, Braun and Langosh', '83577 Lavina Crossing Suite 094\nEast Shayneton, IA 16572-9805', 'company');
INSERT INTO `Organization` (`abrv`, `full_name`, `address`, `category`) VALUES ('qssaq', 'O\'Reilly and Sons', '8291 Hazle Cape\nEdwardfort, CO 01760', 'company');
INSERT INTO `Organization` (`abrv`, `full_name`, `address`, `category`) VALUES ('rbjsh', 'Haley, Murray and Quigley', '44056 Darryl Expressway\nSouth Jadonstad, TN 16911', 'company');
INSERT INTO `Organization` (`abrv`, `full_name`, `address`, `category`) VALUES ('vbtbk', 'Stiedemann-Hoppe', '242 Zemlak Mountain\nEast Lizaberg, OH 42469', 'research_institute');
INSERT INTO `Organization` (`abrv`, `full_name`, `address`, `category`) VALUES ('vipwl', 'Morar-Jacobi', '56087 Ankunding River\nEast Cortney, WA 44615', 'research_institute');
INSERT INTO `Organization` (`abrv`, `full_name`, `address`, `category`) VALUES ('wfemi', 'Bosco, O\'Hara and Schaden', '2894 Kutch Camp Apt. 257\nBennyshire, SD 00505-4692', 'research_institute');
INSERT INTO `Organization` (`abrv`, `full_name`, `address`, `category`) VALUES ('wkcdg', 'Labadie Ltd', '028 Becker Pines Suite 870\nLake Otis, MS 61962', 'company');
INSERT INTO `Organization` (`abrv`, `full_name`, `address`, `category`) VALUES ('wqkaa', 'Hilll-DuBuque', '47137 Wintheiser Courts\nLake Camronstad, KY 66827', 'university');
INSERT INTO `Organization` (`abrv`, `full_name`, `address`, `category`) VALUES ('xjumd', 'Lindgren, Fahey and Wiza', '81786 Howe Views Apt. 613\nWisokyside, NY 31973', 'research_institute');
INSERT INTO `Organization` (`abrv`, `full_name`, `address`, `category`) VALUES ('yaymk', 'Bashirian Group', '934 Okuneva Grove\nWest Alysaview, NY 98795', 'company');
INSERT INTO `Organization` (`abrv`, `full_name`, `address`, `category`) VALUES ('ynhgv', 'Batz Group', '6609 Glennie Shore\nSouth Ernest, AZ 52268', 'company');
INSERT INTO `Organization` (`abrv`, `full_name`, `address`, `category`) VALUES ('ywemr', 'Treutel, Thiel and Jakubowski', '4953 Harber Turnpike Apt. 677\nLake Estefania, MI 94320', 'research_institute');

INSERT INTO `Researcher` (`r_id`, `name`, `surname`, `sex`, `date_of_birth`, `abrv`, `date_since`) VALUES (236, 'Stephanie', 'Langosh', 'male', '1979-02-06', 'ixctt', '2006-02-19');
INSERT INTO `Researcher` (`r_id`, `name`, `surname`, `sex`, `date_of_birth`, `abrv`, `date_since`) VALUES (237, 'Mariela', 'Pouros', 'other', '1988-04-19', 'piftj', '2018-07-01');
INSERT INTO `Researcher` (`r_id`, `name`, `surname`, `sex`, `date_of_birth`, `abrv`, `date_since`) VALUES (238, 'Stewart', 'Streich', 'male', '1980-11-06', 'iuwgi', '1991-01-17');
INSERT INTO `Researcher` (`r_id`, `name`, `surname`, `sex`, `date_of_birth`, `abrv`, `date_since`) VALUES (239, 'Raquel', 'Lynch', 'female', '1985-05-15', 'pqmuw', '2010-06-09');
INSERT INTO `Researcher` (`r_id`, `name`, `surname`, `sex`, `date_of_birth`, `abrv`, `date_since`) VALUES (240, 'Viva', 'Keeling', 'other', '1976-04-09', 'kiznc', '1997-05-06');
INSERT INTO `Researcher` (`r_id`, `name`, `surname`, `sex`, `date_of_birth`, `abrv`, `date_since`) VALUES (241, 'Ernest', 'Sawayn', 'other', '1990-05-01', 'muanc', '2009-04-24');
INSERT INTO `Researcher` (`r_id`, `name`, `surname`, `sex`, `date_of_birth`, `abrv`, `date_since`) VALUES (242, 'Alycia', 'Harris', 'male', '1982-06-10', 'ofelj', '2001-11-19');
INSERT INTO `Researcher` (`r_id`, `name`, `surname`, `sex`, `date_of_birth`, `abrv`, `date_since`) VALUES (243, 'Martine', 'Windler', 'male', '1991-10-31', 'wkcdg', '1992-12-11');
INSERT INTO `Researcher` (`r_id`, `name`, `surname`, `sex`, `date_of_birth`, `abrv`, `date_since`) VALUES (244, 'Simeon', 'Lueilwitz', 'female', '1991-08-17', 'ltult', '2003-09-28');
INSERT INTO `Researcher` (`r_id`, `name`, `surname`, `sex`, `date_of_birth`, `abrv`, `date_since`) VALUES (245, 'Eva', 'Farrell', 'male', '1992-12-27', 'kiznc', '2006-12-28');
INSERT INTO `Researcher` (`r_id`, `name`, `surname`, `sex`, `date_of_birth`, `abrv`, `date_since`) VALUES (246, 'Kamren', 'Grimes', 'male', '1980-12-11', 'ixctt', '2019-07-24');
INSERT INTO `Researcher` (`r_id`, `name`, `surname`, `sex`, `date_of_birth`, `abrv`, `date_since`) VALUES (247, 'Tony', 'Corkery', 'female', '1976-01-04', 'xjumd', '2000-05-27');
INSERT INTO `Researcher` (`r_id`, `name`, `surname`, `sex`, `date_of_birth`, `abrv`, `date_since`) VALUES (248, 'Ellis', 'Hegmann', 'other', '1984-01-02', 'ixctt', '1984-09-28');
INSERT INTO `Researcher` (`r_id`, `name`, `surname`, `sex`, `date_of_birth`, `abrv`, `date_since`) VALUES (249, 'Daisy', 'Tillman', 'male', '1985-07-26', 'wkcdg', '1996-04-27');
INSERT INTO `Researcher` (`r_id`, `name`, `surname`, `sex`, `date_of_birth`, `abrv`, `date_since`) VALUES (250, 'Cletus', 'Hamill', 'female', '1990-03-16', 'fouyv', '2011-07-11');
INSERT INTO `Researcher` (`r_id`, `name`, `surname`, `sex`, `date_of_birth`, `abrv`, `date_since`) VALUES (251, 'Bryce', 'Abbott', 'male', '1976-02-19', 'fouyv', '1997-02-13');
INSERT INTO `Researcher` (`r_id`, `name`, `surname`, `sex`, `date_of_birth`, `abrv`, `date_since`) VALUES (252, 'Matilde', 'Okuneva', 'male', '1994-09-01', 'xjumd', '2008-12-20');
INSERT INTO `Researcher` (`r_id`, `name`, `surname`, `sex`, `date_of_birth`, `abrv`, `date_since`) VALUES (253, 'Alvina', 'Hegmann', 'male', '1979-07-28', 'wfemi', '2019-10-08');
INSERT INTO `Researcher` (`r_id`, `name`, `surname`, `sex`, `date_of_birth`, `abrv`, `date_since`) VALUES (254, 'Jayson', 'Cartwright', 'female', '1998-10-30', 'prcoy', '1999-10-07');
INSERT INTO `Researcher` (`r_id`, `name`, `surname`, `sex`, `date_of_birth`, `abrv`, `date_since`) VALUES (255, 'Alejandra', 'Yost', 'male', '1978-01-03', 'pqmuw', '2015-02-01');
INSERT INTO `Researcher` (`r_id`, `name`, `surname`, `sex`, `date_of_birth`, `abrv`, `date_since`) VALUES (256, 'Asia', 'Kuhlman', 'female', '1990-08-03', 'prcoy', '2018-10-31');
INSERT INTO `Researcher` (`r_id`, `name`, `surname`, `sex`, `date_of_birth`, `abrv`, `date_since`) VALUES (257, 'Violet', 'Johnston', 'female', '1984-02-29', 'ixctt', '1995-05-29');
INSERT INTO `Researcher` (`r_id`, `name`, `surname`, `sex`, `date_of_birth`, `abrv`, `date_since`) VALUES (258, 'Judge', 'Hermiston', 'female', '1999-05-08', 'fouyv', '2011-10-30');
INSERT INTO `Researcher` (`r_id`, `name`, `surname`, `sex`, `date_of_birth`, `abrv`, `date_since`) VALUES (259, 'Enoch', 'Stracke', 'male', '1971-06-06', 'eeufy', '2012-03-01');
INSERT INTO `Researcher` (`r_id`, `name`, `surname`, `sex`, `date_of_birth`, `abrv`, `date_since`) VALUES (260, 'Elbert', 'Gottlieb', 'other', '1989-12-01', 'wfemi', '1996-01-23');
INSERT INTO `Researcher` (`r_id`, `name`, `surname`, `sex`, `date_of_birth`, `abrv`, `date_since`) VALUES (261, 'Alva', 'Wehner', 'male', '1973-02-26', 'jcwmc', '2014-09-03');
INSERT INTO `Researcher` (`r_id`, `name`, `surname`, `sex`, `date_of_birth`, `abrv`, `date_since`) VALUES (262, 'Crystal', 'Berge', 'male', '1984-09-21', 'elykf', '2007-01-29');
INSERT INTO `Researcher` (`r_id`, `name`, `surname`, `sex`, `date_of_birth`, `abrv`, `date_since`) VALUES (263, 'Alexandria', 'Waelchi', 'female', '1973-09-13', 'vbtbk', '1977-11-09');
INSERT INTO `Researcher` (`r_id`, `name`, `surname`, `sex`, `date_of_birth`, `abrv`, `date_since`) VALUES (264, 'Jarvis', 'Runolfsson', 'male', '1988-08-21', 'pqmuw', '1996-04-14');
INSERT INTO `Researcher` (`r_id`, `name`, `surname`, `sex`, `date_of_birth`, `abrv`, `date_since`) VALUES (265, 'Demond', 'Labadie', 'female', '1993-12-08', 'agfov', '2012-06-22');
INSERT INTO `Researcher` (`r_id`, `name`, `surname`, `sex`, `date_of_birth`, `abrv`, `date_since`) VALUES (266, 'Macey', 'Jaskolski', 'male', '1996-09-12', 'jcwmc', '2010-11-03');
INSERT INTO `Researcher` (`r_id`, `name`, `surname`, `sex`, `date_of_birth`, `abrv`, `date_since`) VALUES (267, 'Miles', 'Collier', 'male', '1990-12-15', 'wqkaa', '2019-11-05');
INSERT INTO `Researcher` (`r_id`, `name`, `surname`, `sex`, `date_of_birth`, `abrv`, `date_since`) VALUES (268, 'Rosetta', 'Hackett', 'female', '1990-07-04', 'hgmug', '2007-06-28');
INSERT INTO `Researcher` (`r_id`, `name`, `surname`, `sex`, `date_of_birth`, `abrv`, `date_since`) VALUES (269, 'Lenore', 'Stanton', 'other', '1982-03-07', 'vbtbk', '1983-02-13');
INSERT INTO `Researcher` (`r_id`, `name`, `surname`, `sex`, `date_of_birth`, `abrv`, `date_since`) VALUES (270, 'Dock', 'Conn', 'male', '1976-06-03', 'glzky', '2004-01-16');
INSERT INTO `Researcher` (`r_id`, `name`, `surname`, `sex`, `date_of_birth`, `abrv`, `date_since`) VALUES (271, 'Fredy', 'Walter', 'female', '1970-02-06', 'ixctt', '2004-07-24');
INSERT INTO `Researcher` (`r_id`, `name`, `surname`, `sex`, `date_of_birth`, `abrv`, `date_since`) VALUES (272, 'Luna', 'Walsh', 'female', '1995-12-10', 'xjumd', '1997-07-06');
INSERT INTO `Researcher` (`r_id`, `name`, `surname`, `sex`, `date_of_birth`, `abrv`, `date_since`) VALUES (273, 'Tate', 'Murphy', 'female', '1970-03-29', 'cuvuh', '2000-11-19');
INSERT INTO `Researcher` (`r_id`, `name`, `surname`, `sex`, `date_of_birth`, `abrv`, `date_since`) VALUES (274, 'Noe', 'Kilback', 'female', '1979-07-30', 'pqmuw', '1998-10-03');
INSERT INTO `Researcher` (`r_id`, `name`, `surname`, `sex`, `date_of_birth`, `abrv`, `date_since`) VALUES (275, 'Cooper', 'Rutherford', 'other', '1983-02-05', 'vbtbk', '2002-09-07');
INSERT INTO `Researcher` (`r_id`, `name`, `surname`, `sex`, `date_of_birth`, `abrv`, `date_since`) VALUES (276, 'Katlyn', 'Considine', 'female', '1970-12-13', 'rbjsh', '1996-05-28');
INSERT INTO `Researcher` (`r_id`, `name`, `surname`, `sex`, `date_of_birth`, `abrv`, `date_since`) VALUES (277, 'Ida', 'Maggio', 'female', '1981-01-20', 'vbtbk', '1983-12-11');
INSERT INTO `Researcher` (`r_id`, `name`, `surname`, `sex`, `date_of_birth`, `abrv`, `date_since`) VALUES (278, 'Sydnie', 'Tremblay', 'male', '1970-06-03', 'cuvuh', '2002-06-30');
INSERT INTO `Researcher` (`r_id`, `name`, `surname`, `sex`, `date_of_birth`, `abrv`, `date_since`) VALUES (279, 'Angie', 'Auer', 'female', '1976-07-21', 'fouyv', '1984-01-04');
INSERT INTO `Researcher` (`r_id`, `name`, `surname`, `sex`, `date_of_birth`, `abrv`, `date_since`) VALUES (280, 'Wilber', 'Daniel', 'female', '1981-10-08', 'elykf', '1990-12-13');
INSERT INTO `Researcher` (`r_id`, `name`, `surname`, `sex`, `date_of_birth`, `abrv`, `date_since`) VALUES (281, 'Hadley', 'Bergnaum', 'other', '1994-12-16', 'gjbud', '2013-09-06');
INSERT INTO `Researcher` (`r_id`, `name`, `surname`, `sex`, `date_of_birth`, `abrv`, `date_since`) VALUES (282, 'Thora', 'Schinner', 'female', '1975-03-01', 'ynhgv', '2017-08-08');
INSERT INTO `Researcher` (`r_id`, `name`, `surname`, `sex`, `date_of_birth`, `abrv`, `date_since`) VALUES (283, 'Gladys', 'Lueilwitz', 'other', '1976-02-15', 'wfemi', '2003-06-07');
INSERT INTO `Researcher` (`r_id`, `name`, `surname`, `sex`, `date_of_birth`, `abrv`, `date_since`) VALUES (284, 'Shaun', 'Dickens', 'male', '1978-06-03', 'cuvuh', '2012-07-25');
INSERT INTO `Researcher` (`r_id`, `name`, `surname`, `sex`, `date_of_birth`, `abrv`, `date_since`) VALUES (285, 'River', 'Nitzsche', 'male', '1986-04-26', 'gjbud', '2000-09-07');
INSERT INTO `Researcher` (`r_id`, `name`, `surname`, `sex`, `date_of_birth`, `abrv`, `date_since`) VALUES (286, 'Orie', 'Heller', 'female', '1976-09-30', 'ixctt', '1999-06-14');
INSERT INTO `Researcher` (`r_id`, `name`, `surname`, `sex`, `date_of_birth`, `abrv`, `date_since`) VALUES (287, 'Ervin', 'Grady', 'male', '1973-02-03', 'prcoy', '1992-09-14');
INSERT INTO `Researcher` (`r_id`, `name`, `surname`, `sex`, `date_of_birth`, `abrv`, `date_since`) VALUES (288, 'Verlie', 'Green', 'female', '1984-10-15', 'yaymk', '2000-03-18');
INSERT INTO `Researcher` (`r_id`, `name`, `surname`, `sex`, `date_of_birth`, `abrv`, `date_since`) VALUES (289, 'Cristobal', 'Armstrong', 'male', '1993-06-03', 'yaymk', '1994-07-27');
INSERT INTO `Researcher` (`r_id`, `name`, `surname`, `sex`, `date_of_birth`, `abrv`, `date_since`) VALUES (290, 'Kaycee', 'Renner', 'male', '1977-10-28', 'hgmug', '1980-08-12');
INSERT INTO `Researcher` (`r_id`, `name`, `surname`, `sex`, `date_of_birth`, `abrv`, `date_since`) VALUES (291, 'Emmalee', 'Swaniawski', 'male', '1980-11-29', 'piftj', '1987-02-26');
INSERT INTO `Researcher` (`r_id`, `name`, `surname`, `sex`, `date_of_birth`, `abrv`, `date_since`) VALUES (292, 'Shaniya', 'Daugherty', 'other', '1971-01-13', 'wkcdg', '2004-06-10');
INSERT INTO `Researcher` (`r_id`, `name`, `surname`, `sex`, `date_of_birth`, `abrv`, `date_since`) VALUES (293, 'Freddy', 'Bednar', 'male', '1996-01-02', 'ixctt', '2002-05-29');
INSERT INTO `Researcher` (`r_id`, `name`, `surname`, `sex`, `date_of_birth`, `abrv`, `date_since`) VALUES (294, 'Eve', 'Jaskolski', 'male', '1997-11-28', 'iuwgi', '2004-08-30');
INSERT INTO `Researcher` (`r_id`, `name`, `surname`, `sex`, `date_of_birth`, `abrv`, `date_since`) VALUES (295, 'Bethel', 'Jast', 'female', '1996-08-15', 'hgmug', '2015-11-06');
INSERT INTO `Researcher` (`r_id`, `name`, `surname`, `sex`, `date_of_birth`, `abrv`, `date_since`) VALUES (296, 'Mireille', 'Nolan', 'male', '1988-04-28', 'ofelj', '2004-01-08');
INSERT INTO `Researcher` (`r_id`, `name`, `surname`, `sex`, `date_of_birth`, `abrv`, `date_since`) VALUES (297, 'Skye', 'Denesik', 'male', '1983-05-03', 'wqkaa', '1989-01-11');
INSERT INTO `Researcher` (`r_id`, `name`, `surname`, `sex`, `date_of_birth`, `abrv`, `date_since`) VALUES (298, 'Tatyana', 'Grimes', 'male', '1977-10-07', 'pqmuw', '2009-01-18');
INSERT INTO `Researcher` (`r_id`, `name`, `surname`, `sex`, `date_of_birth`, `abrv`, `date_since`) VALUES (299, 'Ken', 'Effertz', 'female', '1976-10-29', 'vipwl', '1978-11-02');
INSERT INTO `Researcher` (`r_id`, `name`, `surname`, `sex`, `date_of_birth`, `abrv`, `date_since`) VALUES (300, 'Lilla', 'Stracke', 'female', '1977-01-13', 'pmtic', '2011-08-27');
INSERT INTO `Researcher` (`r_id`, `name`, `surname`, `sex`, `date_of_birth`, `abrv`, `date_since`) VALUES (301, 'Demond', 'Williamson', 'female', '1989-01-16', 'agfov', '2019-09-30');
INSERT INTO `Researcher` (`r_id`, `name`, `surname`, `sex`, `date_of_birth`, `abrv`, `date_since`) VALUES (302, 'Izaiah', 'Walker', 'other', '1970-01-26', 'mgalm', '1994-09-25');
INSERT INTO `Researcher` (`r_id`, `name`, `surname`, `sex`, `date_of_birth`, `abrv`, `date_since`) VALUES (303, 'Zaria', 'Schoen', 'male', '1970-01-23', 'eeufy', '2000-11-10');
INSERT INTO `Researcher` (`r_id`, `name`, `surname`, `sex`, `date_of_birth`, `abrv`, `date_since`) VALUES (304, 'Justyn', 'Kovacek', 'other', '1983-08-27', 'rbjsh', '2001-05-21');
INSERT INTO `Researcher` (`r_id`, `name`, `surname`, `sex`, `date_of_birth`, `abrv`, `date_since`) VALUES (305, 'Pamela', 'Renner', 'female', '1977-12-06', 'ottej', '1986-05-23');
INSERT INTO `Researcher` (`r_id`, `name`, `surname`, `sex`, `date_of_birth`, `abrv`, `date_since`) VALUES (306, 'Macie', 'Feeney', 'other', '1971-08-19', 'ipgwl', '1979-11-28');
INSERT INTO `Researcher` (`r_id`, `name`, `surname`, `sex`, `date_of_birth`, `abrv`, `date_since`) VALUES (307, 'Jeramy', 'Graham', 'female', '1978-01-07', 'nueya', '1984-06-06');
INSERT INTO `Researcher` (`r_id`, `name`, `surname`, `sex`, `date_of_birth`, `abrv`, `date_since`) VALUES (308, 'Zane', 'Gutkowski', 'other', '1974-03-22', 'vbtbk', '2002-04-04');
INSERT INTO `Researcher` (`r_id`, `name`, `surname`, `sex`, `date_of_birth`, `abrv`, `date_since`) VALUES (309, 'Hallie', 'Beahan', 'other', '1973-01-19', 'ottej', '2018-03-28');
INSERT INTO `Researcher` (`r_id`, `name`, `surname`, `sex`, `date_of_birth`, `abrv`, `date_since`) VALUES (310, 'Reta', 'Jacobs', 'male', '1989-11-07', 'pmtic', '2003-12-08');
INSERT INTO `Researcher` (`r_id`, `name`, `surname`, `sex`, `date_of_birth`, `abrv`, `date_since`) VALUES (311, 'Vita', 'Gleichner', 'female', '1973-04-20', 'eeufy', '2015-09-28');
INSERT INTO `Researcher` (`r_id`, `name`, `surname`, `sex`, `date_of_birth`, `abrv`, `date_since`) VALUES (312, 'Rahul', 'Lebsack', 'female', '1975-08-13', 'iuwgi', '2009-03-19');
INSERT INTO `Researcher` (`r_id`, `name`, `surname`, `sex`, `date_of_birth`, `abrv`, `date_since`) VALUES (313, 'Laurine', 'Kemmer', 'other', '1974-01-21', 'ofelj', '1991-04-23');
INSERT INTO `Researcher` (`r_id`, `name`, `surname`, `sex`, `date_of_birth`, `abrv`, `date_since`) VALUES (314, 'Hank', 'Hoppe', 'other', '1996-02-01', 'gqnhw', '2018-01-08');
INSERT INTO `Researcher` (`r_id`, `name`, `surname`, `sex`, `date_of_birth`, `abrv`, `date_since`) VALUES (315, 'Wilford', 'Sipes', 'male', '1986-05-28', 'dfvjj', '1998-02-19');
INSERT INTO `Researcher` (`r_id`, `name`, `surname`, `sex`, `date_of_birth`, `abrv`, `date_since`) VALUES (316, 'Electa', 'Anderson', 'female', '1974-01-01', 'nueya', '1995-01-25');
INSERT INTO `Researcher` (`r_id`, `name`, `surname`, `sex`, `date_of_birth`, `abrv`, `date_since`) VALUES (317, 'Orland', 'Frami', 'other', '1984-08-06', 'glzky', '1994-06-24');
INSERT INTO `Researcher` (`r_id`, `name`, `surname`, `sex`, `date_of_birth`, `abrv`, `date_since`) VALUES (318, 'Newell', 'Christiansen', 'male', '1971-05-21', 'ltult', '1995-10-28');
INSERT INTO `Researcher` (`r_id`, `name`, `surname`, `sex`, `date_of_birth`, `abrv`, `date_since`) VALUES (319, 'Unique', 'Bernier', 'female', '1993-12-09', 'cuvuh', '1999-01-08');
INSERT INTO `Researcher` (`r_id`, `name`, `surname`, `sex`, `date_of_birth`, `abrv`, `date_since`) VALUES (320, 'Kale', 'Mohr', 'male', '1973-05-13', 'rbjsh', '1978-12-26');
INSERT INTO `Researcher` (`r_id`, `name`, `surname`, `sex`, `date_of_birth`, `abrv`, `date_since`) VALUES (321, 'Amelia', 'Stiedemann', 'female', '1977-12-13', 'xjumd', '2013-04-22');
INSERT INTO `Researcher` (`r_id`, `name`, `surname`, `sex`, `date_of_birth`, `abrv`, `date_since`) VALUES (322, 'Josie', 'Christiansen', 'other', '1974-02-27', 'nueya', '1982-05-22');
INSERT INTO `Researcher` (`r_id`, `name`, `surname`, `sex`, `date_of_birth`, `abrv`, `date_since`) VALUES (323, 'Katrina', 'Emmerich', 'other', '1980-01-03', 'ynhgv', '2000-01-23');
INSERT INTO `Researcher` (`r_id`, `name`, `surname`, `sex`, `date_of_birth`, `abrv`, `date_since`) VALUES (324, 'Alan', 'Prosacco', 'other', '1993-06-09', 'xjumd', '2002-08-08');
INSERT INTO `Researcher` (`r_id`, `name`, `surname`, `sex`, `date_of_birth`, `abrv`, `date_since`) VALUES (325, 'Electa', 'Lowe', 'male', '1987-10-18', 'ywemr', '1996-12-29');
INSERT INTO `Researcher` (`r_id`, `name`, `surname`, `sex`, `date_of_birth`, `abrv`, `date_since`) VALUES (326, 'Natasha', 'Upton', 'female', '1973-01-13', 'ynhgv', '2000-05-26');
INSERT INTO `Researcher` (`r_id`, `name`, `surname`, `sex`, `date_of_birth`, `abrv`, `date_since`) VALUES (327, 'Casimir', 'Mante', 'male', '1983-07-19', 'qssaq', '2013-05-22');
INSERT INTO `Researcher` (`r_id`, `name`, `surname`, `sex`, `date_of_birth`, `abrv`, `date_since`) VALUES (328, 'Buck', 'Flatley', 'other', '1971-11-01', 'vbtbk', '1988-03-03');
INSERT INTO `Researcher` (`r_id`, `name`, `surname`, `sex`, `date_of_birth`, `abrv`, `date_since`) VALUES (329, 'Lavon', 'Yundt', 'other', '1971-05-28', 'ofelj', '2014-07-25');
INSERT INTO `Researcher` (`r_id`, `name`, `surname`, `sex`, `date_of_birth`, `abrv`, `date_since`) VALUES (330, 'Naomie', 'Farrell', 'female', '1995-07-05', 'kiznc', '2018-04-07');
INSERT INTO `Researcher` (`r_id`, `name`, `surname`, `sex`, `date_of_birth`, `abrv`, `date_since`) VALUES (331, 'Ubaldo', 'Harris', 'other', '1970-06-15', 'wqkaa', '2006-07-14');
INSERT INTO `Researcher` (`r_id`, `name`, `surname`, `sex`, `date_of_birth`, `abrv`, `date_since`) VALUES (332, 'Norval', 'Kuvalis', 'female', '1985-12-11', 'ynhgv', '2019-11-05');
INSERT INTO `Researcher` (`r_id`, `name`, `surname`, `sex`, `date_of_birth`, `abrv`, `date_since`) VALUES (333, 'Rupert', 'Rice', 'other', '1972-06-10', 'eeufy', '1990-12-13');
INSERT INTO `Researcher` (`r_id`, `name`, `surname`, `sex`, `date_of_birth`, `abrv`, `date_since`) VALUES (334, 'Ricky', 'O\'Connell', 'other', '1975-09-09', 'vipwl', '1997-01-09');
INSERT INTO `Researcher` (`r_id`, `name`, `surname`, `sex`, `date_of_birth`, `abrv`, `date_since`) VALUES (335, 'Zelda', 'Mosciski', 'other', '1995-09-20', 'gjbud', '1997-07-04');
INSERT INTO `Researcher` (`r_id`, `name`, `surname`, `sex`, `date_of_birth`, `abrv`, `date_since`) VALUES (336, 'Cassandra', 'Tremblay', 'other', '1979-09-26', 'abrll', '2004-06-30');
INSERT INTO `Researcher` (`r_id`, `name`, `surname`, `sex`, `date_of_birth`, `abrv`, `date_since`) VALUES (337, 'Erik', 'Altenwerth', 'male', '1979-02-04', 'kiznc', '1991-02-06');
INSERT INTO `Researcher` (`r_id`, `name`, `surname`, `sex`, `date_of_birth`, `abrv`, `date_since`) VALUES (338, 'Sincere', 'Nolan', 'female', '1986-06-05', 'ltult', '2017-10-01');
INSERT INTO `Researcher` (`r_id`, `name`, `surname`, `sex`, `date_of_birth`, `abrv`, `date_since`) VALUES (339, 'Violet', 'Little', 'male', '1985-02-23', 'gqnhw', '2005-07-10');
INSERT INTO `Researcher` (`r_id`, `name`, `surname`, `sex`, `date_of_birth`, `abrv`, `date_since`) VALUES (340, 'Theron', 'Lesch', 'female', '1990-09-01', 'muanc', '2003-10-14');
INSERT INTO `Researcher` (`r_id`, `name`, `surname`, `sex`, `date_of_birth`, `abrv`, `date_since`) VALUES (341, 'Mallie', 'Bailey', 'female', '1986-05-06', 'hgmug', '2004-05-05');
INSERT INTO `Researcher` (`r_id`, `name`, `surname`, `sex`, `date_of_birth`, `abrv`, `date_since`) VALUES (342, 'Vivien', 'Hackett', 'female', '1977-04-25', 'ywemr', '1999-08-07');
INSERT INTO `Researcher` (`r_id`, `name`, `surname`, `sex`, `date_of_birth`, `abrv`, `date_since`) VALUES (343, 'Ashlee', 'Heller', 'female', '1983-10-02', 'vbtbk', '2002-05-08');
INSERT INTO `Researcher` (`r_id`, `name`, `surname`, `sex`, `date_of_birth`, `abrv`, `date_since`) VALUES (344, 'Meta', 'Heller', 'other', '1987-07-26', 'qssaq', '1997-11-18');
INSERT INTO `Researcher` (`r_id`, `name`, `surname`, `sex`, `date_of_birth`, `abrv`, `date_since`) VALUES (345, 'Leda', 'Moen', 'female', '1975-08-22', 'glzky', '2002-05-22');
INSERT INTO `Researcher` (`r_id`, `name`, `surname`, `sex`, `date_of_birth`, `abrv`, `date_since`) VALUES (346, 'Casimir', 'Kreiger', 'female', '1981-06-20', 'iuwgi', '1989-08-11');
INSERT INTO `Researcher` (`r_id`, `name`, `surname`, `sex`, `date_of_birth`, `abrv`, `date_since`) VALUES (347, 'Rosanna', 'Sanford', 'female', '1996-12-02', 'yaymk', '2011-09-15');
INSERT INTO `Researcher` (`r_id`, `name`, `surname`, `sex`, `date_of_birth`, `abrv`, `date_since`) VALUES (348, 'Jewell', 'Bruen', 'female', '1996-07-04', 'ipgwl', '2014-01-11');
INSERT INTO `Researcher` (`r_id`, `name`, `surname`, `sex`, `date_of_birth`, `abrv`, `date_since`) VALUES (349, 'Minerva', 'Gleichner', 'other', '1988-04-16', 'pmtic', '1993-10-21');
INSERT INTO `Researcher` (`r_id`, `name`, `surname`, `sex`, `date_of_birth`, `abrv`, `date_since`) VALUES (350, 'Stuart', 'Little', 'female', '1975-04-28', 'ywemr', '2009-05-05');
INSERT INTO `Researcher` (`r_id`, `name`, `surname`, `sex`, `date_of_birth`, `abrv`, `date_since`) VALUES (351, 'Terrell', 'Schoen', 'female', '1989-09-27', 'wfemi', '2005-12-03');
INSERT INTO `Researcher` (`r_id`, `name`, `surname`, `sex`, `date_of_birth`, `abrv`, `date_since`) VALUES (352, 'Mellie', 'Ortiz', 'other', '1974-04-15', 'cuvuh', '2010-12-17');
INSERT INTO `Researcher` (`r_id`, `name`, `surname`, `sex`, `date_of_birth`, `abrv`, `date_since`) VALUES (353, 'Lindsay', 'Stoltenberg', 'male', '1988-01-11', 'wqkaa', '2012-03-15');
INSERT INTO `Researcher` (`r_id`, `name`, `surname`, `sex`, `date_of_birth`, `abrv`, `date_since`) VALUES (354, 'Ezekiel', 'Rau', 'female', '1972-07-23', 'jcwmc', '2019-06-11');
INSERT INTO `Researcher` (`r_id`, `name`, `surname`, `sex`, `date_of_birth`, `abrv`, `date_since`) VALUES (355, 'Herminia', 'Pouros', 'other', '1975-10-12', 'wfemi', '2013-04-08');
INSERT INTO `Researcher` (`r_id`, `name`, `surname`, `sex`, `date_of_birth`, `abrv`, `date_since`) VALUES (356, 'Janis', 'Willms', 'male', '1973-03-20', 'wfemi', '1979-06-27');
INSERT INTO `Researcher` (`r_id`, `name`, `surname`, `sex`, `date_of_birth`, `abrv`, `date_since`) VALUES (357, 'Rodrick', 'Lynch', 'female', '1973-05-04', 'agfov', '2011-05-24');
INSERT INTO `Researcher` (`r_id`, `name`, `surname`, `sex`, `date_of_birth`, `abrv`, `date_since`) VALUES (358, 'Sydnee', 'Conroy', 'other', '1978-06-12', 'wfemi', '2018-11-27');
INSERT INTO `Researcher` (`r_id`, `name`, `surname`, `sex`, `date_of_birth`, `abrv`, `date_since`) VALUES (359, 'Shawna', 'Zboncak', 'female', '1997-06-25', 'gjbud', '2009-11-02');
INSERT INTO `Researcher` (`r_id`, `name`, `surname`, `sex`, `date_of_birth`, `abrv`, `date_since`) VALUES (360, 'Carmella', 'Dietrich', 'other', '1992-05-03', 'hgmug', '1996-07-10');
INSERT INTO `Researcher` (`r_id`, `name`, `surname`, `sex`, `date_of_birth`, `abrv`, `date_since`) VALUES (361, 'Jared', 'Huel', 'male', '1990-01-19', 'lmnbq', '1995-01-09');
INSERT INTO `Researcher` (`r_id`, `name`, `surname`, `sex`, `date_of_birth`, `abrv`, `date_since`) VALUES (362, 'Jonathan', 'Bednar', 'male', '1976-06-29', 'xjumd', '2010-01-16');
INSERT INTO `Researcher` (`r_id`, `name`, `surname`, `sex`, `date_of_birth`, `abrv`, `date_since`) VALUES (363, 'Verdie', 'Quigley', 'other', '1970-11-20', 'nwtpl', '1991-03-12');
INSERT INTO `Researcher` (`r_id`, `name`, `surname`, `sex`, `date_of_birth`, `abrv`, `date_since`) VALUES (364, 'Stephania', 'Barrows', 'male', '1978-12-09', 'lmnbq', '1980-07-21');
INSERT INTO `Researcher` (`r_id`, `name`, `surname`, `sex`, `date_of_birth`, `abrv`, `date_since`) VALUES (365, 'Sabryna', 'Ebert', 'female', '1971-06-14', 'ixctt', '2019-09-29');
INSERT INTO `Researcher` (`r_id`, `name`, `surname`, `sex`, `date_of_birth`, `abrv`, `date_since`) VALUES (366, 'Chase', 'Konopelski', 'male', '1985-08-25', 'ixctt', '2012-12-26');
INSERT INTO `Researcher` (`r_id`, `name`, `surname`, `sex`, `date_of_birth`, `abrv`, `date_since`) VALUES (367, 'Titus', 'Green', 'female', '1973-05-10', 'gqnhw', '1994-04-24');
INSERT INTO `Researcher` (`r_id`, `name`, `surname`, `sex`, `date_of_birth`, `abrv`, `date_since`) VALUES (368, 'Christy', 'Wintheiser', 'female', '1997-11-30', 'hgmug', '2010-04-04');
INSERT INTO `Researcher` (`r_id`, `name`, `surname`, `sex`, `date_of_birth`, `abrv`, `date_since`) VALUES (369, 'Hope', 'Kub', 'male', '1975-03-28', 'dfvjj', '2008-12-04');
INSERT INTO `Researcher` (`r_id`, `name`, `surname`, `sex`, `date_of_birth`, `abrv`, `date_since`) VALUES (370, 'Mable', 'Gibson', 'other', '1976-08-10', 'muanc', '1980-09-30');
INSERT INTO `Researcher` (`r_id`, `name`, `surname`, `sex`, `date_of_birth`, `abrv`, `date_since`) VALUES (371, 'Aurelia', 'Kutch', 'male', '1986-02-27', 'kiznc', '2000-01-12');
INSERT INTO `Researcher` (`r_id`, `name`, `surname`, `sex`, `date_of_birth`, `abrv`, `date_since`) VALUES (372, 'Alvera', 'Gulgowski', 'female', '1970-02-27', 'pqmuw', '2001-11-29');
INSERT INTO `Researcher` (`r_id`, `name`, `surname`, `sex`, `date_of_birth`, `abrv`, `date_since`) VALUES (373, 'Sheridan', 'Douglas', 'female', '1989-11-01', 'pmtic', '2011-10-05');
INSERT INTO `Researcher` (`r_id`, `name`, `surname`, `sex`, `date_of_birth`, `abrv`, `date_since`) VALUES (374, 'Harold', 'Rau', 'male', '1984-07-05', 'nueya', '2009-02-04');
INSERT INTO `Researcher` (`r_id`, `name`, `surname`, `sex`, `date_of_birth`, `abrv`, `date_since`) VALUES (375, 'Broderick', 'Zieme', 'other', '1970-08-25', 'paeaq', '2008-03-06');
INSERT INTO `Researcher` (`r_id`, `name`, `surname`, `sex`, `date_of_birth`, `abrv`, `date_since`) VALUES (376, 'Aurelio', 'Stamm', 'male', '1975-11-01', 'ofelj', '1992-01-28');
INSERT INTO `Researcher` (`r_id`, `name`, `surname`, `sex`, `date_of_birth`, `abrv`, `date_since`) VALUES (377, 'Liza', 'Lind', 'male', '1975-04-04', 'piftj', '1988-06-05');
INSERT INTO `Researcher` (`r_id`, `name`, `surname`, `sex`, `date_of_birth`, `abrv`, `date_since`) VALUES (378, 'Alexandre', 'Hudson', 'male', '1998-11-07', 'yaymk', '1999-01-28');
INSERT INTO `Researcher` (`r_id`, `name`, `surname`, `sex`, `date_of_birth`, `abrv`, `date_since`) VALUES (379, 'Jaydon', 'Mann', 'female', '1976-12-06', 'cuvuh', '2015-06-18');
INSERT INTO `Researcher` (`r_id`, `name`, `surname`, `sex`, `date_of_birth`, `abrv`, `date_since`) VALUES (380, 'Ceasar', 'Bailey', 'male', '1970-01-15', 'mgalm', '2019-07-08');
INSERT INTO `Researcher` (`r_id`, `name`, `surname`, `sex`, `date_of_birth`, `abrv`, `date_since`) VALUES (381, 'Thad', 'Reynolds', 'other', '1984-08-27', 'yaymk', '2008-01-28');
INSERT INTO `Researcher` (`r_id`, `name`, `surname`, `sex`, `date_of_birth`, `abrv`, `date_since`) VALUES (382, 'Julie', 'Kling', 'other', '1990-05-03', 'dfvjj', '1995-12-18');
INSERT INTO `Researcher` (`r_id`, `name`, `surname`, `sex`, `date_of_birth`, `abrv`, `date_since`) VALUES (383, 'Renee', 'Tromp', 'female', '1990-05-03', 'iuwgi', '2015-07-29');
INSERT INTO `Researcher` (`r_id`, `name`, `surname`, `sex`, `date_of_birth`, `abrv`, `date_since`) VALUES (384, 'Joany', 'Kuhlman', 'female', '1971-01-03', 'elykf', '1978-06-08');
INSERT INTO `Researcher` (`r_id`, `name`, `surname`, `sex`, `date_of_birth`, `abrv`, `date_since`) VALUES (385, 'Aniyah', 'Kozey', 'male', '1984-12-11', 'nueya', '2003-10-11');
INSERT INTO `Researcher` (`r_id`, `name`, `surname`, `sex`, `date_of_birth`, `abrv`, `date_since`) VALUES (386, 'Faye', 'Osinski', 'male', '1996-08-12', 'ottej', '2012-04-22');
INSERT INTO `Researcher` (`r_id`, `name`, `surname`, `sex`, `date_of_birth`, `abrv`, `date_since`) VALUES (387, 'Donald', 'Bauch', 'female', '1985-05-02', 'ltult', '2016-05-30');
INSERT INTO `Researcher` (`r_id`, `name`, `surname`, `sex`, `date_of_birth`, `abrv`, `date_since`) VALUES (388, 'May', 'Schultz', 'male', '1977-12-27', 'elykf', '2003-06-27');
INSERT INTO `Researcher` (`r_id`, `name`, `surname`, `sex`, `date_of_birth`, `abrv`, `date_since`) VALUES (389, 'Giuseppe', 'Blanda', 'female', '1982-09-09', 'mgalm', '1995-08-30');
INSERT INTO `Researcher` (`r_id`, `name`, `surname`, `sex`, `date_of_birth`, `abrv`, `date_since`) VALUES (390, 'Beaulah', 'Murray', 'other', '1981-09-16', 'agfov', '2004-01-21');
INSERT INTO `Researcher` (`r_id`, `name`, `surname`, `sex`, `date_of_birth`, `abrv`, `date_since`) VALUES (391, 'Vicenta', 'Weber', 'female', '1983-04-21', 'nwtpl', '1984-10-30');
INSERT INTO `Researcher` (`r_id`, `name`, `surname`, `sex`, `date_of_birth`, `abrv`, `date_since`) VALUES (392, 'Andy', 'Spencer', 'other', '1978-03-09', 'elykf', '1980-05-30');
INSERT INTO `Researcher` (`r_id`, `name`, `surname`, `sex`, `date_of_birth`, `abrv`, `date_since`) VALUES (393, 'Ryley', 'Breitenberg', 'female', '1989-06-23', 'agfov', '2005-05-04');
INSERT INTO `Researcher` (`r_id`, `name`, `surname`, `sex`, `date_of_birth`, `abrv`, `date_since`) VALUES (394, 'Enola', 'Bergstrom', 'other', '1994-03-07', 'gjbud', '2008-08-30');
INSERT INTO `Researcher` (`r_id`, `name`, `surname`, `sex`, `date_of_birth`, `abrv`, `date_since`) VALUES (395, 'Eileen', 'O\'Conner', 'female', '1973-10-11', 'ottej', '1992-01-14');
INSERT INTO `Researcher` (`r_id`, `name`, `surname`, `sex`, `date_of_birth`, `abrv`, `date_since`) VALUES (396, 'Devante', 'Corwin', 'other', '1995-11-06', 'ottej', '2015-08-07');
INSERT INTO `Researcher` (`r_id`, `name`, `surname`, `sex`, `date_of_birth`, `abrv`, `date_since`) VALUES (397, 'Madie', 'Hermiston', 'male', '1997-06-01', 'wkcdg', '2001-03-29');
INSERT INTO `Researcher` (`r_id`, `name`, `surname`, `sex`, `date_of_birth`, `abrv`, `date_since`) VALUES (398, 'Andy', 'Bauch', 'other', '1986-06-15', 'dfvjj', '2010-05-04');
INSERT INTO `Researcher` (`r_id`, `name`, `surname`, `sex`, `date_of_birth`, `abrv`, `date_since`) VALUES (399, 'Mckayla', 'Kshlerin', 'female', '1970-12-07', 'glzky', '1982-03-17');
INSERT INTO `Researcher` (`r_id`, `name`, `surname`, `sex`, `date_of_birth`, `abrv`, `date_since`) VALUES (400, 'Loraine', 'Morar', 'male', '1978-11-29', 'ltult', '1981-04-21');

INSERT INTO `Evaluation` (`eval_id`, `r_id`, `grade`, `date_of_evaluation`) VALUES (1, 236, 8, '2004-07-30');
INSERT INTO `Evaluation` (`eval_id`, `r_id`, `grade`, `date_of_evaluation`) VALUES (2, 237, 5, '1999-02-07');
INSERT INTO `Evaluation` (`eval_id`, `r_id`, `grade`, `date_of_evaluation`) VALUES (3, 238, 10, '1987-06-15');
INSERT INTO `Evaluation` (`eval_id`, `r_id`, `grade`, `date_of_evaluation`) VALUES (4, 239, 5, '2006-02-02');
INSERT INTO `Evaluation` (`eval_id`, `r_id`, `grade`, `date_of_evaluation`) VALUES (5, 240, 9, '2005-04-29');
INSERT INTO `Evaluation` (`eval_id`, `r_id`, `grade`, `date_of_evaluation`) VALUES (6, 241, 4, '1978-03-07');
INSERT INTO `Evaluation` (`eval_id`, `r_id`, `grade`, `date_of_evaluation`) VALUES (7, 242, 8, '1974-04-17');
INSERT INTO `Evaluation` (`eval_id`, `r_id`, `grade`, `date_of_evaluation`) VALUES (8, 243, 4, '2003-04-20');
INSERT INTO `Evaluation` (`eval_id`, `r_id`, `grade`, `date_of_evaluation`) VALUES (9, 244, 5, '1975-11-06');
INSERT INTO `Evaluation` (`eval_id`, `r_id`, `grade`, `date_of_evaluation`) VALUES (10, 245, 3, '1980-01-06');
INSERT INTO `Evaluation` (`eval_id`, `r_id`, `grade`, `date_of_evaluation`) VALUES (11, 246, 1, '2008-04-10');
INSERT INTO `Evaluation` (`eval_id`, `r_id`, `grade`, `date_of_evaluation`) VALUES (12, 247, 6, '1989-09-30');
INSERT INTO `Evaluation` (`eval_id`, `r_id`, `grade`, `date_of_evaluation`) VALUES (13, 248, 4, '2001-02-10');
INSERT INTO `Evaluation` (`eval_id`, `r_id`, `grade`, `date_of_evaluation`) VALUES (14, 249, 6, '1984-10-31');
INSERT INTO `Evaluation` (`eval_id`, `r_id`, `grade`, `date_of_evaluation`) VALUES (15, 250, 7, '2004-02-23');
INSERT INTO `Evaluation` (`eval_id`, `r_id`, `grade`, `date_of_evaluation`) VALUES (16, 251, 8, '1980-01-16');
INSERT INTO `Evaluation` (`eval_id`, `r_id`, `grade`, `date_of_evaluation`) VALUES (17, 252, 5, '1998-02-06');
INSERT INTO `Evaluation` (`eval_id`, `r_id`, `grade`, `date_of_evaluation`) VALUES (18, 253, 8, '2005-12-15');
INSERT INTO `Evaluation` (`eval_id`, `r_id`, `grade`, `date_of_evaluation`) VALUES (19, 254, 1, '1995-10-29');
INSERT INTO `Evaluation` (`eval_id`, `r_id`, `grade`, `date_of_evaluation`) VALUES (20, 255, 8, '1978-02-12');
INSERT INTO `Evaluation` (`eval_id`, `r_id`, `grade`, `date_of_evaluation`) VALUES (21, 256, 8, '2000-06-08');
INSERT INTO `Evaluation` (`eval_id`, `r_id`, `grade`, `date_of_evaluation`) VALUES (22, 257, 9, '1984-03-02');
INSERT INTO `Evaluation` (`eval_id`, `r_id`, `grade`, `date_of_evaluation`) VALUES (23, 258, 10, '1973-09-08');
INSERT INTO `Evaluation` (`eval_id`, `r_id`, `grade`, `date_of_evaluation`) VALUES (24, 259, 8, '1984-01-31');
INSERT INTO `Evaluation` (`eval_id`, `r_id`, `grade`, `date_of_evaluation`) VALUES (25, 260, 5, '1976-01-09');
INSERT INTO `Evaluation` (`eval_id`, `r_id`, `grade`, `date_of_evaluation`) VALUES (26, 261, 7, '2009-05-10');
INSERT INTO `Evaluation` (`eval_id`, `r_id`, `grade`, `date_of_evaluation`) VALUES (27, 262, 2, '2000-06-15');
INSERT INTO `Evaluation` (`eval_id`, `r_id`, `grade`, `date_of_evaluation`) VALUES (28, 263, 1, '2003-05-27');
INSERT INTO `Evaluation` (`eval_id`, `r_id`, `grade`, `date_of_evaluation`) VALUES (29, 264, 8, '1987-03-13');
INSERT INTO `Evaluation` (`eval_id`, `r_id`, `grade`, `date_of_evaluation`) VALUES (30, 265, 7, '2000-10-29');
INSERT INTO `Evaluation` (`eval_id`, `r_id`, `grade`, `date_of_evaluation`) VALUES (31, 266, 3, '1983-02-20');
INSERT INTO `Evaluation` (`eval_id`, `r_id`, `grade`, `date_of_evaluation`) VALUES (32, 267, 10, '1985-03-08');
INSERT INTO `Evaluation` (`eval_id`, `r_id`, `grade`, `date_of_evaluation`) VALUES (33, 268, 6, '1982-07-31');
INSERT INTO `Evaluation` (`eval_id`, `r_id`, `grade`, `date_of_evaluation`) VALUES (34, 269, 9, '1997-04-22');
INSERT INTO `Evaluation` (`eval_id`, `r_id`, `grade`, `date_of_evaluation`) VALUES (35, 270, 8, '1980-08-20');
INSERT INTO `Evaluation` (`eval_id`, `r_id`, `grade`, `date_of_evaluation`) VALUES (36, 271, 5, '2007-07-03');
INSERT INTO `Evaluation` (`eval_id`, `r_id`, `grade`, `date_of_evaluation`) VALUES (37, 272, 10, '2009-06-20');
INSERT INTO `Evaluation` (`eval_id`, `r_id`, `grade`, `date_of_evaluation`) VALUES (38, 273, 7, '1971-01-13');
INSERT INTO `Evaluation` (`eval_id`, `r_id`, `grade`, `date_of_evaluation`) VALUES (39, 274, 6, '1989-05-22');
INSERT INTO `Evaluation` (`eval_id`, `r_id`, `grade`, `date_of_evaluation`) VALUES (40, 275, 2, '1983-04-21');
INSERT INTO `Evaluation` (`eval_id`, `r_id`, `grade`, `date_of_evaluation`) VALUES (41, 276, 2, '1982-10-20');
INSERT INTO `Evaluation` (`eval_id`, `r_id`, `grade`, `date_of_evaluation`) VALUES (42, 277, 7, '2009-10-24');
INSERT INTO `Evaluation` (`eval_id`, `r_id`, `grade`, `date_of_evaluation`) VALUES (43, 278, 5, '1999-04-26');
INSERT INTO `Evaluation` (`eval_id`, `r_id`, `grade`, `date_of_evaluation`) VALUES (44, 279, 9, '1996-05-21');
INSERT INTO `Evaluation` (`eval_id`, `r_id`, `grade`, `date_of_evaluation`) VALUES (45, 280, 4, '1974-10-06');
INSERT INTO `Evaluation` (`eval_id`, `r_id`, `grade`, `date_of_evaluation`) VALUES (46, 281, 2, '1976-06-22');
INSERT INTO `Evaluation` (`eval_id`, `r_id`, `grade`, `date_of_evaluation`) VALUES (47, 282, 4, '2002-05-09');
INSERT INTO `Evaluation` (`eval_id`, `r_id`, `grade`, `date_of_evaluation`) VALUES (48, 283, 4, '1974-02-14');
INSERT INTO `Evaluation` (`eval_id`, `r_id`, `grade`, `date_of_evaluation`) VALUES (49, 284, 6, '2004-08-09');
INSERT INTO `Evaluation` (`eval_id`, `r_id`, `grade`, `date_of_evaluation`) VALUES (50, 285, 4, '2008-07-18');
INSERT INTO `Evaluation` (`eval_id`, `r_id`, `grade`, `date_of_evaluation`) VALUES (51, 286, 7, '1973-02-14');
INSERT INTO `Evaluation` (`eval_id`, `r_id`, `grade`, `date_of_evaluation`) VALUES (52, 287, 7, '2005-08-16');
INSERT INTO `Evaluation` (`eval_id`, `r_id`, `grade`, `date_of_evaluation`) VALUES (53, 288, 10, '2007-05-28');
INSERT INTO `Evaluation` (`eval_id`, `r_id`, `grade`, `date_of_evaluation`) VALUES (54, 289, 2, '1978-07-21');
INSERT INTO `Evaluation` (`eval_id`, `r_id`, `grade`, `date_of_evaluation`) VALUES (55, 290, 8, '1971-01-25');
INSERT INTO `Evaluation` (`eval_id`, `r_id`, `grade`, `date_of_evaluation`) VALUES (56, 291, 6, '1976-11-06');
INSERT INTO `Evaluation` (`eval_id`, `r_id`, `grade`, `date_of_evaluation`) VALUES (57, 292, 7, '1975-05-26');
INSERT INTO `Evaluation` (`eval_id`, `r_id`, `grade`, `date_of_evaluation`) VALUES (58, 293, 5, '1989-10-28');
INSERT INTO `Evaluation` (`eval_id`, `r_id`, `grade`, `date_of_evaluation`) VALUES (59, 294, 4, '1975-05-26');
INSERT INTO `Evaluation` (`eval_id`, `r_id`, `grade`, `date_of_evaluation`) VALUES (60, 295, 9, '1972-09-09');
INSERT INTO `Evaluation` (`eval_id`, `r_id`, `grade`, `date_of_evaluation`) VALUES (61, 296, 3, '1978-07-07');
INSERT INTO `Evaluation` (`eval_id`, `r_id`, `grade`, `date_of_evaluation`) VALUES (62, 297, 1, '1994-03-22');
INSERT INTO `Evaluation` (`eval_id`, `r_id`, `grade`, `date_of_evaluation`) VALUES (63, 298, 9, '1994-11-05');
INSERT INTO `Evaluation` (`eval_id`, `r_id`, `grade`, `date_of_evaluation`) VALUES (64, 299, 4, '1986-09-26');
INSERT INTO `Evaluation` (`eval_id`, `r_id`, `grade`, `date_of_evaluation`) VALUES (65, 300, 3, '1984-03-16');
INSERT INTO `Evaluation` (`eval_id`, `r_id`, `grade`, `date_of_evaluation`) VALUES (66, 301, 4, '2005-09-06');
INSERT INTO `Evaluation` (`eval_id`, `r_id`, `grade`, `date_of_evaluation`) VALUES (67, 302, 4, '1981-10-16');
INSERT INTO `Evaluation` (`eval_id`, `r_id`, `grade`, `date_of_evaluation`) VALUES (68, 303, 6, '1971-08-16');
INSERT INTO `Evaluation` (`eval_id`, `r_id`, `grade`, `date_of_evaluation`) VALUES (69, 304, 3, '1983-06-05');
INSERT INTO `Evaluation` (`eval_id`, `r_id`, `grade`, `date_of_evaluation`) VALUES (70, 305, 10, '2004-10-09');
INSERT INTO `Evaluation` (`eval_id`, `r_id`, `grade`, `date_of_evaluation`) VALUES (71, 306, 4, '1998-06-02');
INSERT INTO `Evaluation` (`eval_id`, `r_id`, `grade`, `date_of_evaluation`) VALUES (72, 307, 4, '1995-12-20');
INSERT INTO `Evaluation` (`eval_id`, `r_id`, `grade`, `date_of_evaluation`) VALUES (73, 308, 4, '2007-04-11');
INSERT INTO `Evaluation` (`eval_id`, `r_id`, `grade`, `date_of_evaluation`) VALUES (74, 309, 2, '1980-11-23');
INSERT INTO `Evaluation` (`eval_id`, `r_id`, `grade`, `date_of_evaluation`) VALUES (75, 310, 3, '1978-06-12');
INSERT INTO `Evaluation` (`eval_id`, `r_id`, `grade`, `date_of_evaluation`) VALUES (76, 311, 5, '1990-03-18');
INSERT INTO `Evaluation` (`eval_id`, `r_id`, `grade`, `date_of_evaluation`) VALUES (77, 312, 1, '1994-09-05');
INSERT INTO `Evaluation` (`eval_id`, `r_id`, `grade`, `date_of_evaluation`) VALUES (78, 313, 7, '1995-09-17');
INSERT INTO `Evaluation` (`eval_id`, `r_id`, `grade`, `date_of_evaluation`) VALUES (79, 314, 10, '1997-12-14');
INSERT INTO `Evaluation` (`eval_id`, `r_id`, `grade`, `date_of_evaluation`) VALUES (80, 315, 3, '2003-01-01');

INSERT INTO `ELIDEK_Admin` (`admin_id`, `name`, `surname`, `sex`, `date_of_birth`) VALUES (1, 'Luz', 'Ratke', 'male', '1974-12-12');
INSERT INTO `ELIDEK_Admin` (`admin_id`, `name`, `surname`, `sex`, `date_of_birth`) VALUES (2, 'Charity', 'Nienow', 'other', '1976-12-11');
INSERT INTO `ELIDEK_Admin` (`admin_id`, `name`, `surname`, `sex`, `date_of_birth`) VALUES (3, 'Rowan', 'Wolf', 'female', '1990-08-08');
INSERT INTO `ELIDEK_Admin` (`admin_id`, `name`, `surname`, `sex`, `date_of_birth`) VALUES (4, 'Ardith', 'Weimann', 'other', '1999-11-15');
INSERT INTO `ELIDEK_Admin` (`admin_id`, `name`, `surname`, `sex`, `date_of_birth`) VALUES (5, 'Trace', 'Ankunding', 'female', '1983-02-23');
INSERT INTO `ELIDEK_Admin` (`admin_id`, `name`, `surname`, `sex`, `date_of_birth`) VALUES (6, 'Rogelio', 'Stark', 'male', '1997-03-01');
INSERT INTO `ELIDEK_Admin` (`admin_id`, `name`, `surname`, `sex`, `date_of_birth`) VALUES (7, 'Shad', 'Graham', 'male', '1992-10-25');
INSERT INTO `ELIDEK_Admin` (`admin_id`, `name`, `surname`, `sex`, `date_of_birth`) VALUES (8, 'America', 'Jakubowski', 'female', '1997-06-09');
INSERT INTO `ELIDEK_Admin` (`admin_id`, `name`, `surname`, `sex`, `date_of_birth`) VALUES (9, 'Joy', 'Stanton', 'other', '1976-12-18');
INSERT INTO `ELIDEK_Admin` (`admin_id`, `name`, `surname`, `sex`, `date_of_birth`) VALUES (10, 'Ines', 'Murazik', 'female', '1977-08-07');
INSERT INTO `ELIDEK_Admin` (`admin_id`, `name`, `surname`, `sex`, `date_of_birth`) VALUES (11, 'Rocio', 'Halvorson', 'other', '1996-12-03');
INSERT INTO `ELIDEK_Admin` (`admin_id`, `name`, `surname`, `sex`, `date_of_birth`) VALUES (12, 'Keeley', 'Jacobi', 'other', '1984-12-26');
INSERT INTO `ELIDEK_Admin` (`admin_id`, `name`, `surname`, `sex`, `date_of_birth`) VALUES (13, 'Emely', 'Kunze', 'male', '1994-01-18');
INSERT INTO `ELIDEK_Admin` (`admin_id`, `name`, `surname`, `sex`, `date_of_birth`) VALUES (14, 'Bette', 'Kirlin', 'female', '1981-05-28');
INSERT INTO `ELIDEK_Admin` (`admin_id`, `name`, `surname`, `sex`, `date_of_birth`) VALUES (15, 'Lon', 'Kiehn', 'male', '1973-08-19');
INSERT INTO `ELIDEK_Admin` (`admin_id`, `name`, `surname`, `sex`, `date_of_birth`) VALUES (16, 'Sadye', 'Upton', 'male', '1999-05-01');
INSERT INTO `ELIDEK_Admin` (`admin_id`, `name`, `surname`, `sex`, `date_of_birth`) VALUES (17, 'Neal', 'Orn', 'other', '1984-11-27');
INSERT INTO `ELIDEK_Admin` (`admin_id`, `name`, `surname`, `sex`, `date_of_birth`) VALUES (18, 'Allen', 'Abshire', 'male', '1996-12-24');
INSERT INTO `ELIDEK_Admin` (`admin_id`, `name`, `surname`, `sex`, `date_of_birth`) VALUES (19, 'Vladimir', 'Hermiston', 'male', '1975-08-28');
INSERT INTO `ELIDEK_Admin` (`admin_id`, `name`, `surname`, `sex`, `date_of_birth`) VALUES (20, 'Alison', 'Lakin', 'male', '1979-11-10');

INSERT INTO `ELIDEK_Program` (`p_id`, `title`, `division`) VALUES (1, 'leverage proactive applications', 'White Rabbit blew three blasts on the floor, and a large kitchen, which was lit up by wild beasts.');
INSERT INTO `ELIDEK_Program` (`p_id`, `title`, `division`) VALUES (2, 'incubate world-class content', 'Duchess. \'Everything\'s got a moral, if only you can find out the answer to it?\' said the Mock.');
INSERT INTO `ELIDEK_Program` (`p_id`, `title`, `division`) VALUES (3, 'morph real-time schemas', 'But her sister was reading, but it said nothing. \'Perhaps it doesn\'t matter which way it was an.');
INSERT INTO `ELIDEK_Program` (`p_id`, `title`, `division`) VALUES (4, 'redefine front-end initiatives', 'I can\'t be Mabel, for I know all sorts of things, and she, oh! she knows such a capital one for.');
INSERT INTO `ELIDEK_Program` (`p_id`, `title`, `division`) VALUES (5, 'expedite value-added bandwidth', 'Mock Turtle: \'crumbs would all come wrong, and she tried the roots of trees, and I\'ve tried.');
INSERT INTO `ELIDEK_Program` (`p_id`, `title`, `division`) VALUES (6, 'productize world-class networks', 'I? Ah, THAT\'S the great question certainly was, what? Alice looked all round the thistle again;.');
INSERT INTO `ELIDEK_Program` (`p_id`, `title`, `division`) VALUES (7, 'embrace leading-edge systems', 'Cheshire Cat,\' said Alice: \'besides, that\'s not a regular rule: you invented it just grazed his.');
INSERT INTO `ELIDEK_Program` (`p_id`, `title`, `division`) VALUES (8, 'incentivize e-business deliverables', 'It was all about, and called out \'The Queen! The Queen!\' and the baby--the fire-irons came first;.');
INSERT INTO `ELIDEK_Program` (`p_id`, `title`, `division`) VALUES (9, 'iterate synergistic functionalities', 'VERY nearly at the top of the way to fly up into the court, \'Bring me the list of singers. \'You.');
INSERT INTO `ELIDEK_Program` (`p_id`, `title`, `division`) VALUES (10, 'whiteboard scalable experiences', 'Off--\' \'Nonsense!\' said Alice, and she at once and put back into the teapot. \'At any rate he might.');
INSERT INTO `ELIDEK_Program` (`p_id`, `title`, `division`) VALUES (11, 'redefine extensible action-items', 'I know?\' said Alice, \'I\'ve often seen them so shiny?\' Alice looked down at her side. She was a.');
INSERT INTO `ELIDEK_Program` (`p_id`, `title`, `division`) VALUES (12, 'synergize magnetic experiences', 'I\'ll give them a new idea to Alice, and her eyes to see how he did with the bread-and-butter.');
INSERT INTO `ELIDEK_Program` (`p_id`, `title`, `division`) VALUES (13, 'innovate compelling channels', 'Hatter: \'as the things between whiles.\' \'Then you may SIT down,\' the King said to herself that.');
INSERT INTO `ELIDEK_Program` (`p_id`, `title`, `division`) VALUES (14, 'deploy bleeding-edge infomediaries', 'I am now? That\'ll be a walrus or hippopotamus, but then she walked up towards it rather timidly,.');
INSERT INTO `ELIDEK_Program` (`p_id`, `title`, `division`) VALUES (15, 'expedite front-end communities', 'ARE OLD, FATHER WILLIAM,\"\' said the Queen, stamping on the same size for going through the glass,.');
INSERT INTO `ELIDEK_Program` (`p_id`, `title`, `division`) VALUES (16, 'generate collaborative systems', 'Gryphon, and the poor little thing howled so, that he had a consultation about this, and Alice.');
INSERT INTO `ELIDEK_Program` (`p_id`, `title`, `division`) VALUES (17, 'transform front-end metrics', 'Alice thought the poor animal\'s feelings. \'I quite forgot you didn\'t like cats.\' \'Not like cats!\'.');
INSERT INTO `ELIDEK_Program` (`p_id`, `title`, `division`) VALUES (18, 'seize user-centric schemas', 'Alice, and sighing. \'It IS the use of a treacle-well--eh, stupid?\' \'But they were mine before. If.');
INSERT INTO `ELIDEK_Program` (`p_id`, `title`, `division`) VALUES (19, 'benchmark strategic deliverables', 'Alice, seriously, \'I\'ll have nothing more to do that,\' said the last few minutes that she tipped.');
INSERT INTO `ELIDEK_Program` (`p_id`, `title`, `division`) VALUES (20, 'visualize viral portals', 'Duck. \'Found IT,\' the Mouse in the sea. But they HAVE their tails fast in their mouths--and.');
INSERT INTO `ELIDEK_Program` (`p_id`, `title`, `division`) VALUES (21, 'synthesize ubiquitous e-commerce', 'I used--and I don\'t want YOU with us!\"\' \'They were obliged to have it explained,\' said the King..');
INSERT INTO `ELIDEK_Program` (`p_id`, `title`, `division`) VALUES (22, 'implement mission-critical e-services', 'Alice, surprised at her rather inquisitively, and seemed to quiver all over crumbs.\' \'You\'re wrong.');
INSERT INTO `ELIDEK_Program` (`p_id`, `title`, `division`) VALUES (23, 'target synergistic vortals', 'Elsie, Lacie, and Tillie; and they sat down, and nobody spoke for some time with one of the party.');
INSERT INTO `ELIDEK_Program` (`p_id`, `title`, `division`) VALUES (24, 'expedite dot-com supply-chains', 'Alice could see it trying in a louder tone. \'ARE you to leave the court; but on second thoughts.');
INSERT INTO `ELIDEK_Program` (`p_id`, `title`, `division`) VALUES (25, 'maximize front-end e-tailers', 'Because he knows it teases.\' CHORUS. (In which the March Hare meekly replied. \'Yes, but I can\'t.');
INSERT INTO `ELIDEK_Program` (`p_id`, `title`, `division`) VALUES (26, 'innovate cutting-edge synergies', 'Do you think, at your age, it is I hate cats and dogs.\' It was all ridges and furrows; the balls.');
INSERT INTO `ELIDEK_Program` (`p_id`, `title`, `division`) VALUES (27, 'reinvent holistic solutions', 'Alice said to the little door, so she went on. \'Or would you like the largest telescope that ever.');
INSERT INTO `ELIDEK_Program` (`p_id`, `title`, `division`) VALUES (28, 'deploy efficient markets', 'YOUR table,\' said Alice; \'all I know I do!\' said Alice aloud, addressing nobody in particular..');
INSERT INTO `ELIDEK_Program` (`p_id`, `title`, `division`) VALUES (29, 'innovate cutting-edge users', 'Lory, with a shiver. \'I beg your pardon!\' she exclaimed in a moment. \'Let\'s go on for some way,.');
INSERT INTO `ELIDEK_Program` (`p_id`, `title`, `division`) VALUES (30, 'target sexy content', 'All on a branch of a bottle. They all sat down and make THEIR eyes bright and eager with many a.');

INSERT INTO `Project` (`e_id`, `title`, `summary`, `funds`, `start_date`, `end_date`, `r_id`, `abrv`, `admin_id`, `p_id`, `eval_id`) VALUES (501, 'syndicate front-end technologies', 'I\'m a deal faster than it does.\' \'Which would NOT be an old conger-eel, that used to queer things happening. While she was ever to get out again. The Mock Turtle had just upset the milk-jug into his.', 32842081, '2014-08-27', '2017-12-07', 238, 'eeufy', 13, 25, 1);
INSERT INTO `Project` (`e_id`, `title`, `summary`, `funds`, `start_date`, `end_date`, `r_id`, `abrv`, `admin_id`, `p_id`, `eval_id`) VALUES (502, 'matrix interactive deliverables', 'Duchess. An invitation for the rest of it had fallen into a small passage, not much like keeping so close to her in the sun. (IF you don\'t know what \"it\" means.\' \'I know SOMETHING interesting is.', 72162149, '2014-03-01', '2017-05-26', 241, 'vipwl', 6, 12, 21);
INSERT INTO `Project` (`e_id`, `title`, `summary`, `funds`, `start_date`, `end_date`, `r_id`, `abrv`, `admin_id`, `p_id`, `eval_id`) VALUES (503, 'scale bleeding-edge portals', 'The twelve jurors were writing down \'stupid things!\' on their slates, when the tide rises and sharks are around, His voice has a timid and tremulous sound.] \'That\'s different from what I was going.', 9531415, '2017-08-31', '2018-08-25', 242, 'lmnbq', 13, 21, 37);
INSERT INTO `Project` (`e_id`, `title`, `summary`, `funds`, `start_date`, `end_date`, `r_id`, `abrv`, `admin_id`, `p_id`, `eval_id`) VALUES (504, 'monetize revolutionary bandwidth', 'Cheshire Cat, she was going to give the hedgehog had unrolled itself, and began by producing from under his arm a great letter, nearly as large as the door as you say pig, or fig?\' said the.', 91782287, '2019-04-26', '2022-07-03', 247, 'piftj', 18, 6, 30);
INSERT INTO `Project` (`e_id`, `title`, `summary`, `funds`, `start_date`, `end_date`, `r_id`, `abrv`, `admin_id`, `p_id`, `eval_id`) VALUES (505, 'reinvent collaborative functionalities', 'Alice, as she went on growing, and, as a partner!\' cried the Mouse, who was peeping anxiously into its nest. Alice crouched down among the branches, and every now and then the Rabbit\'s voice.', 49509060, '2022-02-23', '2025-04-26', 252, 'ipgwl', 13, 20, 70);
INSERT INTO `Project` (`e_id`, `title`, `summary`, `funds`, `start_date`, `end_date`, `r_id`, `abrv`, `admin_id`, `p_id`, `eval_id`) VALUES (506, 'revolutionize robust interfaces', 'Alice did not get hold of anything, but she remembered that she looked down into its face in her life; it was her dream:-- First, she tried to fancy what the name again!\' \'I won\'t interrupt again. I.', 18669197, '2016-12-14', '2018-06-22', 253, 'hgmug', 4, 17, 45);
INSERT INTO `Project` (`e_id`, `title`, `summary`, `funds`, `start_date`, `end_date`, `r_id`, `abrv`, `admin_id`, `p_id`, `eval_id`) VALUES (507, 'orchestrate dynamic action-items', 'Alice had no reason to be executed for having missed their turns, and she told her sister, as well be at school at once.\' And in she went. Once more she found it so yet,\' said Alice; \'that\'s not at.', 17446603, '2012-12-26', '2016-03-26', 254, 'nueya', 5, 8, 12);
INSERT INTO `Project` (`e_id`, `title`, `summary`, `funds`, `start_date`, `end_date`, `r_id`, `abrv`, `admin_id`, `p_id`, `eval_id`) VALUES (508, 'empower front-end systems', 'Hatter with a knife, it usually bleeds; and she walked up towards it rather timidly, saying to herself how she was ready to make ONE respectable person!\' Soon her eye fell on a summer day: The Knave.', 17110939, '2016-06-16', '2017-01-28', 255, 'eeufy', 9, 16, 77);
INSERT INTO `Project` (`e_id`, `title`, `summary`, `funds`, `start_date`, `end_date`, `r_id`, `abrv`, `admin_id`, `p_id`, `eval_id`) VALUES (509, 'empower efficient systems', 'I could say if I shall have to whisper a hint to Time, and round the refreshments!\' But there seemed to Alice for some minutes. Alice thought she might as well go in at the stick, and made another.', 59483535, '2013-04-16', '2014-04-29', 262, 'elykf', 14, 16, 20);
INSERT INTO `Project` (`e_id`, `title`, `summary`, `funds`, `start_date`, `end_date`, `r_id`, `abrv`, `admin_id`, `p_id`, `eval_id`) VALUES (510, 'revolutionize interactive channels', 'White Rabbit: it was out of sight; and an old conger-eel, that used to know. Let me think: was I the same as they were getting so used to it!\' pleaded poor Alice. \'But you\'re so easily offended!\'.', 23403828, '2017-02-25', '2018-11-01', 264, 'ixctt', 17, 7, 66);
INSERT INTO `Project` (`e_id`, `title`, `summary`, `funds`, `start_date`, `end_date`, `r_id`, `abrv`, `admin_id`, `p_id`, `eval_id`) VALUES (511, 'aggregate efficient paradigms', 'Duchess said after a minute or two. \'They couldn\'t have done that?\' she thought. \'But everything\'s curious today. I think I can creep under the window, she suddenly spread out her hand, and a piece.', 14619137, '2014-09-15', '2014-10-26', 271, 'ottej', 6, 15, 74);
INSERT INTO `Project` (`e_id`, `title`, `summary`, `funds`, `start_date`, `end_date`, `r_id`, `abrv`, `admin_id`, `p_id`, `eval_id`) VALUES (512, 'enable distributed ROI', 'Gryphon said to herself, \'to be going messages for a baby: altogether Alice did not like the name: however, it only grinned a little faster?\" said a timid and tremulous sound.] \'That\'s different.', 90532670, '2014-11-05', '2018-02-23', 275, 'iuwgi', 7, 18, 11);
INSERT INTO `Project` (`e_id`, `title`, `summary`, `funds`, `start_date`, `end_date`, `r_id`, `abrv`, `admin_id`, `p_id`, `eval_id`) VALUES (513, 'iterate best-of-breed mindshare', 'Christmas.\' And she began fancying the sort of mixed flavour of cherry-tart, custard, pine-apple, roast turkey, toffee, and hot buttered toast,) she very seldom followed it), and handed back to.', 59527073, '2017-10-28', '2018-12-01', 276, 'eeufy', 15, 25, 63);
INSERT INTO `Project` (`e_id`, `title`, `summary`, `funds`, `start_date`, `end_date`, `r_id`, `abrv`, `admin_id`, `p_id`, `eval_id`) VALUES (514, 'empower 24/7 content', 'CURTSEYING as you\'re falling through the glass, and she felt that it signifies much,\' she said to Alice, that she had been running half an hour or so, and giving it something out of the Mock Turtle,.', 31039578, '2019-02-06', '2023-01-15', 278, 'mgalm', 13, 24, 5);
INSERT INTO `Project` (`e_id`, `title`, `summary`, `funds`, `start_date`, `end_date`, `r_id`, `abrv`, `admin_id`, `p_id`, `eval_id`) VALUES (515, 'optimize enterprise infomediaries', 'Duchess, \'chop off her unfortunate guests to execution--once more the shriek of the lefthand bit of mushroom, and her eyes to see what would happen next. \'It\'s--it\'s a very hopeful tone though), \'I.', 89726408, '2018-09-05', '2022-01-11', 279, 'wqkaa', 6, 30, 78);
INSERT INTO `Project` (`e_id`, `title`, `summary`, `funds`, `start_date`, `end_date`, `r_id`, `abrv`, `admin_id`, `p_id`, `eval_id`) VALUES (516, 'repurpose sticky systems', 'I will just explain to you never tasted an egg!\' \'I HAVE tasted eggs, certainly,\' said Alice desperately: \'he\'s perfectly idiotic!\' And she went back to yesterday, because I was sent for.\' \'You.', 58640270, '2014-01-09', '2016-12-10', 281, 'ottej', 11, 6, 15);
INSERT INTO `Project` (`e_id`, `title`, `summary`, `funds`, `start_date`, `end_date`, `r_id`, `abrv`, `admin_id`, `p_id`, `eval_id`) VALUES (517, 'engage extensible schemas', 'Hatter, and he wasn\'t going to begin with,\' said the King, \'that only makes the matter worse. You MUST have meant some mischief, or else you\'d have signed your name like an arrow. The Cat\'s head.', 81628182, '2018-06-16', '2020-01-24', 283, 'mgalm', 1, 6, 46);
INSERT INTO `Project` (`e_id`, `title`, `summary`, `funds`, `start_date`, `end_date`, `r_id`, `abrv`, `admin_id`, `p_id`, `eval_id`) VALUES (519, 'benchmark cross-platform vortals', 'Caterpillar. \'I\'m afraid I am, sir,\' said Alice; \'that\'s not at all know whether it was good practice to say it any longer than that,\' said the Footman. \'That\'s the judge,\' she said to the tarts on.', 1182861, '2016-06-30', '2017-10-03', 285, 'wqkaa', 19, 15, 29);
INSERT INTO `Project` (`e_id`, `title`, `summary`, `funds`, `start_date`, `end_date`, `r_id`, `abrv`, `admin_id`, `p_id`, `eval_id`) VALUES (520, 'syndicate robust e-markets', 'With gently smiling jaws!\' \'I\'m sure I\'m not the same, the next witness!\' said the Cat, as soon as she could, for the Dormouse,\' thought Alice; \'but a grin without a grin,\' thought Alice; \'only, as.', 57376565, '2015-07-04', '2017-01-21', 286, 'ofelj', 6, 13, 35);
INSERT INTO `Project` (`e_id`, `title`, `summary`, `funds`, `start_date`, `end_date`, `r_id`, `abrv`, `admin_id`, `p_id`, `eval_id`) VALUES (521, 'visualize extensible bandwidth', 'These were the cook, to see it pop down a large cauldron which seemed to have been that,\' said the March Hare said--\' \'I didn\'t!\' the March Hare moved into the wood for fear of their hearing her;.', 4406929, '2013-08-30', '2015-02-03', 288, 'elykf', 18, 22, 57);
INSERT INTO `Project` (`e_id`, `title`, `summary`, `funds`, `start_date`, `end_date`, `r_id`, `abrv`, `admin_id`, `p_id`, `eval_id`) VALUES (523, 'evolve world-class vortals', 'For, you see, so many tea-things are put out here?\' she asked. \'Yes, that\'s it,\' said the Dormouse. \'Fourteenth of March, I think I may as well as she couldn\'t answer either question, it didn\'t much.', 13180838, '2016-05-06', '2017-04-07', 304, 'xjumd', 8, 8, 38);
INSERT INTO `Project` (`e_id`, `title`, `summary`, `funds`, `start_date`, `end_date`, `r_id`, `abrv`, `admin_id`, `p_id`, `eval_id`) VALUES (524, 'maximize wireless infomediaries', 'When the sands are all dry, he is gay as a last resource, she put one arm out of the deepest contempt. \'I\'ve seen hatters before,\' she said to herself. \'Shy, they seem to dry me at all.\' \'In that.', 18818406, '2019-02-25', '2023-12-02', 305, 'ofelj', 9, 2, 9);
INSERT INTO `Project` (`e_id`, `title`, `summary`, `funds`, `start_date`, `end_date`, `r_id`, `abrv`, `admin_id`, `p_id`, `eval_id`) VALUES (525, 'redefine e-business markets', 'Alice in a wondering tone. \'Why, what are YOUR shoes done with?\' said the King. The White Rabbit cried out, \'Silence in the air. This time Alice waited a little, half expecting to see the earth.', 21679684, '2015-07-26', '2015-11-26', 306, 'rbjsh', 2, 2, 41);
INSERT INTO `Project` (`e_id`, `title`, `summary`, `funds`, `start_date`, `end_date`, `r_id`, `abrv`, `admin_id`, `p_id`, `eval_id`) VALUES (526, 'iterate innovative initiatives', 'Quick, now!\' And Alice was not here before,\' said the Cat: \'we\'re all mad here. I\'m mad. You\'re mad.\' \'How do you know what they\'re like.\' \'I believe so,\' Alice replied in an angry tone, \'Why, Mary.', 9114548, '2015-04-02', '2019-04-09', 309, 'agfov', 3, 5, 10);
INSERT INTO `Project` (`e_id`, `title`, `summary`, `funds`, `start_date`, `end_date`, `r_id`, `abrv`, `admin_id`, `p_id`, `eval_id`) VALUES (529, 'mesh robust partnerships', 'Duchess?\' \'Hush! Hush!\' said the Queen, and Alice, were in custody and under sentence of execution.\' \'What for?\' said Alice. \'Did you say \"What a pity!\"?\' the Rabbit hastily interrupted. \'There\'s a.', 29234299, '2021-07-23', '2024-02-17', 319, 'eeufy', 9, 19, 18);
INSERT INTO `Project` (`e_id`, `title`, `summary`, `funds`, `start_date`, `end_date`, `r_id`, `abrv`, `admin_id`, `p_id`, `eval_id`) VALUES (531, 'evolve web-enabled initiatives', 'I see\"!\' \'You might just as well as she heard the Queen\'s voice in the schoolroom, and though this was of very little use without my shoulders. Oh, how I wish you wouldn\'t mind,\' said Alice: \'allow.', 83888704, '2017-09-11', '2018-06-10', 322, 'nwtpl', 15, 10, 44);
INSERT INTO `Project` (`e_id`, `title`, `summary`, `funds`, `start_date`, `end_date`, `r_id`, `abrv`, `admin_id`, `p_id`, `eval_id`) VALUES (533, 'syndicate 24/7 applications', 'After a while she was beginning to feel a little anxiously. \'Yes,\' said Alice, a little queer, won\'t you?\' \'Not a bit,\' said the White Rabbit. She was moving them about as it went, \'One side of the.', 64197968, '2021-02-07', '2024-05-04', 325, 'ottej', 5, 6, 75);
INSERT INTO `Project` (`e_id`, `title`, `summary`, `funds`, `start_date`, `end_date`, `r_id`, `abrv`, `admin_id`, `p_id`, `eval_id`) VALUES (535, 'visualize clicks-and-mortar e-business', 'How puzzling all these changes are! I\'m never sure what I\'m going to begin with; and being so many different sizes in a large kitchen, which was full of the cakes, and was looking for eggs, I know.', 92448508, '2013-10-18', '2015-11-12', 327, 'cuvuh', 12, 28, 61);
INSERT INTO `Project` (`e_id`, `title`, `summary`, `funds`, `start_date`, `end_date`, `r_id`, `abrv`, `admin_id`, `p_id`, `eval_id`) VALUES (537, 'facilitate efficient paradigms', 'Dormouse,\' the Queen never left off writing on his spectacles and looked at the end of trials, \"There was some attempts at applause, which was immediately suppressed by the hedge!\' then silence, and.', 32824042, '2015-05-10', '2016-04-30', 336, 'nueya', 15, 16, 2);
INSERT INTO `Project` (`e_id`, `title`, `summary`, `funds`, `start_date`, `end_date`, `r_id`, `abrv`, `admin_id`, `p_id`, `eval_id`) VALUES (538, 'facilitate visionary infomediaries', 'King, the Queen, in a confused way, \'Prizes! Prizes!\' Alice had got its neck nicely straightened out, and was going to dive in among the party. Some of the doors of the window, and some of them.', 18465540, '2018-07-23', '2021-09-08', 340, 'cuvuh', 18, 11, 43);
INSERT INTO `Project` (`e_id`, `title`, `summary`, `funds`, `start_date`, `end_date`, `r_id`, `abrv`, `admin_id`, `p_id`, `eval_id`) VALUES (540, 'transform clicks-and-mortar infomediaries', 'English!\' said the Caterpillar took the place where it had fallen into the book her sister on the end of the jurors had a consultation about this, and Alice looked all round the hall, but they all.', 17679389, '2015-07-07', '2016-02-18', 344, 'ywemr', 3, 17, 49);
INSERT INTO `Project` (`e_id`, `title`, `summary`, `funds`, `start_date`, `end_date`, `r_id`, `abrv`, `admin_id`, `p_id`, `eval_id`) VALUES (541, 'grow holistic interfaces', 'Alice for some time in silence: at last it unfolded its arms, took the place of the sense, and the Gryphon answered, very nearly in the wind, and the Gryphon only answered \'Come on!\' and ran the.', 113688, '2017-01-10', '2017-02-01', 345, 'ottej', 13, 25, 27);
INSERT INTO `Project` (`e_id`, `title`, `summary`, `funds`, `start_date`, `end_date`, `r_id`, `abrv`, `admin_id`, `p_id`, `eval_id`) VALUES (542, 'aggregate virtual mindshare', 'Knave \'Turn them over!\' The Knave did so, very carefully, nibbling first at one corner of it: for she had nibbled some more tea,\' the Hatter asked triumphantly. Alice did not quite sure whether it.', 90717329, '2013-12-17', '2014-03-10', 351, 'kiznc', 1, 25, 31);
INSERT INTO `Project` (`e_id`, `title`, `summary`, `funds`, `start_date`, `end_date`, `r_id`, `abrv`, `admin_id`, `p_id`, `eval_id`) VALUES (545, 'syndicate scalable architectures', 'The Knave did so, very carefully, with one foot. \'Get up!\' said the Duck: \'it\'s generally a frog or a serpent?\' \'It matters a good deal frightened by this time, and was in the other: the Duchess was.', 809743, '2014-11-17', '2017-06-05', 366, 'nwtpl', 20, 29, 80);
INSERT INTO `Project` (`e_id`, `title`, `summary`, `funds`, `start_date`, `end_date`, `r_id`, `abrv`, `admin_id`, `p_id`, `eval_id`) VALUES (546, 'embrace innovative e-business', 'WAS a narrow escape!\' said Alice, always ready to make SOME change in my size; and as it can talk: at any rate I\'ll never go THERE again!\' said Alice very meekly: \'I\'m growing.\' \'You\'ve no right to.', 7281113, '2014-07-02', '2017-12-15', 368, 'prcoy', 20, 30, 34);
INSERT INTO `Project` (`e_id`, `title`, `summary`, `funds`, `start_date`, `end_date`, `r_id`, `abrv`, `admin_id`, `p_id`, `eval_id`) VALUES (547, 'scale next-generation webservices', 'I know I have dropped them, I wonder?\' As she said this last remark that had made out what it might appear to others that what you mean,\' said Alice. \'Come on, then,\' said the Mock Turtle: \'crumbs.', 54446754, '2015-01-04', '2017-11-17', 369, 'lmnbq', 14, 27, 54);
INSERT INTO `Project` (`e_id`, `title`, `summary`, `funds`, `start_date`, `end_date`, `r_id`, `abrv`, `admin_id`, `p_id`, `eval_id`) VALUES (549, 'synthesize leading-edge models', 'Stole the Tarts? The King looked anxiously round, to make out that the poor little thing was waving its tail about in the schoolroom, and though this was of very little use without my shoulders. Oh,.', 85945179, '2014-11-06', '2015-12-29', 371, 'fouyv', 2, 3, 19);
INSERT INTO `Project` (`e_id`, `title`, `summary`, `funds`, `start_date`, `end_date`, `r_id`, `abrv`, `admin_id`, `p_id`, `eval_id`) VALUES (552, 'innovate impactful applications', 'Tortoise--\' \'Why did they draw?\' said Alice, very earnestly. \'I\'ve had nothing else to do, and in despair she put her hand in hand with Dinah, and saying to herself in a pleased tone. \'Pray don\'t.', 48889651, '2017-08-26', '2021-06-05', 376, 'muanc', 6, 1, 73);
INSERT INTO `Project` (`e_id`, `title`, `summary`, `funds`, `start_date`, `end_date`, `r_id`, `abrv`, `admin_id`, `p_id`, `eval_id`) VALUES (553, 'deploy end-to-end platforms', 'King. The next thing was snorting like a candle. I wonder what I eat\" is the reason they\'re called lessons,\' the Gryphon whispered in reply, \'for fear they should forget them before the officer.', 35713871, '2013-11-10', '2017-11-17', 381, 'vbtbk', 4, 11, 39);
INSERT INTO `Project` (`e_id`, `title`, `summary`, `funds`, `start_date`, `end_date`, `r_id`, `abrv`, `admin_id`, `p_id`, `eval_id`) VALUES (555, 'enable bricks-and-clicks relationships', 'Caterpillar. \'I\'m afraid I am, sir,\' said Alice; \'I can\'t remember half of fright and half of them--and it belongs to the Duchess: \'flamingoes and mustard both bite. And the executioner went off.', 47576306, '2013-09-08', '2015-07-04', 383, 'vipwl', 12, 22, 24);
INSERT INTO `Project` (`e_id`, `title`, `summary`, `funds`, `start_date`, `end_date`, `r_id`, `abrv`, `admin_id`, `p_id`, `eval_id`) VALUES (560, 'morph sexy interfaces', 'So she stood looking at the sudden change, but very politely: \'Did you speak?\' \'Not I!\' said the Gryphon. \'The reason is,\' said the Hatter, \'you wouldn\'t talk about wasting IT. It\'s HIM.\' \'I don\'t.', 75711251, '2013-09-01', '2017-06-05', 249, 'paeaq', 14, 24, 51);
INSERT INTO `Project` (`e_id`, `title`, `summary`, `funds`, `start_date`, `end_date`, `r_id`, `abrv`, `admin_id`, `p_id`, `eval_id`) VALUES (562, 'e-enable plug-and-play infomediaries', 'I do wonder what they said. The executioner\'s argument was, that anything that had made out that part.\' \'Well, at any rate,\' said Alice: \'allow me to sell you a present of everything I\'ve said as.', 70798234, '2014-06-30', '2014-11-04', 256, 'muanc', 12, 10, 7);
INSERT INTO `Project` (`e_id`, `title`, `summary`, `funds`, `start_date`, `end_date`, `r_id`, `abrv`, `admin_id`, `p_id`, `eval_id`) VALUES (563, 'morph intuitive mindshare', 'Gryphon. \'Do you know I\'m mad?\' said Alice. \'Come, let\'s try Geography. London is the capital of Paris, and Paris is the capital of Rome, and Rome--no, THAT\'S all wrong, I\'m certain! I must have.', 8691350, '2017-10-29', '2020-09-17', 257, 'gqnhw', 3, 22, 36);
INSERT INTO `Project` (`e_id`, `title`, `summary`, `funds`, `start_date`, `end_date`, `r_id`, `abrv`, `admin_id`, `p_id`, `eval_id`) VALUES (564, 'transform rich metrics', 'Said the mouse to the cur, \"Such a trial, dear Sir, With no jury or judge, would be offended again. \'Mine is a very decided tone: \'tell her something about the temper of your flamingo. Shall I try.', 2622305, '2016-02-02', '2016-05-19', 258, 'pmtic', 6, 30, 13);
INSERT INTO `Project` (`e_id`, `title`, `summary`, `funds`, `start_date`, `end_date`, `r_id`, `abrv`, `admin_id`, `p_id`, `eval_id`) VALUES (572, 'evolve robust experiences', 'So she set to work throwing everything within her reach at the number of executions the Queen furiously, throwing an inkstand at the door--I do wish I hadn\'t begun my tea--not above a week or.', 59135257, '2013-09-12', '2015-10-06', 279, 'muanc', 7, 25, 72);
INSERT INTO `Project` (`e_id`, `title`, `summary`, `funds`, `start_date`, `end_date`, `r_id`, `abrv`, `admin_id`, `p_id`, `eval_id`) VALUES (573, 'enhance efficient content', 'If I or she should chance to be a Caucus-race.\' \'What IS the use of this remark, and thought it must be really offended. \'We won\'t talk about cats or dogs either, if you like!\' the Duchess to play.', 48757390, '2019-10-13', '2023-02-19', 281, 'ipgwl', 10, 17, 68);
INSERT INTO `Project` (`e_id`, `title`, `summary`, `funds`, `start_date`, `end_date`, `r_id`, `abrv`, `admin_id`, `p_id`, `eval_id`) VALUES (576, 'unleash world-class bandwidth', 'Alice sharply, for she was walking by the prisoner to--to somebody.\' \'It must be removed,\' said the one who had spoken first. \'That\'s none of them hit her in an offended tone. And she squeezed.', 68928719, '2012-11-25', '2016-02-03', 293, 'paeaq', 14, 12, 50);
INSERT INTO `Project` (`e_id`, `title`, `summary`, `funds`, `start_date`, `end_date`, `r_id`, `abrv`, `admin_id`, `p_id`, `eval_id`) VALUES (579, 'exploit world-class eyeballs', 'Alice said very politely, feeling quite pleased to have any rules in particular; at least, if there are, nobody attends to them--and you\'ve no idea what Latitude was, or Longitude either, but.', 95624268, '2017-09-01', '2020-05-22', 298, 'xjumd', 12, 2, 62);
INSERT INTO `Project` (`e_id`, `title`, `summary`, `funds`, `start_date`, `end_date`, `r_id`, `abrv`, `admin_id`, `p_id`, `eval_id`) VALUES (582, 'redefine efficient e-services', 'I said \"What for?\"\' \'She boxed the Queen\'s voice in the sand with wooden spades, then a great hurry; \'this paper has just been reading about; and when she had plenty of time as she could not stand,.', 99535298, '2016-12-09', '2021-09-14', 305, 'muanc', 7, 14, 32);
INSERT INTO `Project` (`e_id`, `title`, `summary`, `funds`, `start_date`, `end_date`, `r_id`, `abrv`, `admin_id`, `p_id`, `eval_id`) VALUES (587, 'facilitate best-of-breed methodologies', 'Caterpillar. This was quite tired and out of the conversation. Alice replied, so eagerly that the hedgehog a blow with its eyelids, so he with his head!\"\' \'How dreadfully savage!\' exclaimed Alice..', 17401722, '2016-05-18', '2017-06-26', 316, 'yaymk', 10, 13, 55);
INSERT INTO `Project` (`e_id`, `title`, `summary`, `funds`, `start_date`, `end_date`, `r_id`, `abrv`, `admin_id`, `p_id`, `eval_id`) VALUES (592, 'exploit bleeding-edge users', 'Alice; \'I might as well she might, what a wonderful dream it had grown up,\' she said this, she came upon a little nervous about this; \'for it might belong to one of them say, \'Look out now, Five!.', 38176024, '2012-06-23', '2016-10-04', 329, 'elykf', 8, 8, 48);
INSERT INTO `Project` (`e_id`, `title`, `summary`, `funds`, `start_date`, `end_date`, `r_id`, `abrv`, `admin_id`, `p_id`, `eval_id`) VALUES (593, 'harness sticky partnerships', 'I\'ve said as yet.\' \'A cheap sort of use in waiting by the way the people that walk with their fur clinging close to the Mock Turtle to the table to measure herself by it, and yet it was all about,.', 35958996, '2021-02-02', '2023-06-12', 332, 'gqnhw', 4, 28, 65);
INSERT INTO `Project` (`e_id`, `title`, `summary`, `funds`, `start_date`, `end_date`, `r_id`, `abrv`, `admin_id`, `p_id`, `eval_id`) VALUES (594, 'generate open-source eyeballs', 'Which shall sing?\' \'Oh, YOU sing,\' said the youth, \'as I mentioned before, And have grown most uncommonly fat; Yet you turned a corner, \'Oh my ears and the game was going to give the hedgehog had.', 37792088, '2014-03-14', '2016-04-05', 335, 'iuwgi', 10, 26, 6);
INSERT INTO `Project` (`e_id`, `title`, `summary`, `funds`, `start_date`, `end_date`, `r_id`, `abrv`, `admin_id`, `p_id`, `eval_id`) VALUES (596, 'reintermediate B2B schemas', 'Heads below!\' (a loud crash)--\'Now, who did that?--It was Bill, the Lizard) could not think of nothing better to say whether the pleasure of making a daisy-chain would be a walrus or hippopotamus,.', 72966424, '2016-04-04', '2018-03-06', 337, 'ixctt', 1, 5, 58);
INSERT INTO `Project` (`e_id`, `title`, `summary`, `funds`, `start_date`, `end_date`, `r_id`, `abrv`, `admin_id`, `p_id`, `eval_id`) VALUES (598, 'brand virtual supply-chains', 'I\'d only been the right way to fly up into the roof of the table, but there were any tears. No, there were any tears. No, there were a Duck and a piece of evidence we\'ve heard yet,\' said Alice;.', 23525281, '2017-10-02', '2019-12-23', 341, 'pmtic', 15, 14, 56);
INSERT INTO `Project` (`e_id`, `title`, `summary`, `funds`, `start_date`, `end_date`, `r_id`, `abrv`, `admin_id`, `p_id`, `eval_id`) VALUES (600, 'unleash web-enabled action-items', 'With gently smiling jaws!\' \'I\'m sure those are not the right house, because the Duchess and the m--\' But here, to Alice\'s great surprise, the Duchess\'s cook. She carried the pepper-box in her head,.', 66449145, '2017-06-02', '2020-11-02', 343, 'paeaq', 16, 11, 4);
INSERT INTO `Project` (`e_id`, `title`, `summary`, `funds`, `start_date`, `end_date`, `r_id`, `abrv`, `admin_id`, `p_id`, `eval_id`) VALUES (606, 'e-enable integrated e-markets', 'Alice thought to herself, and nibbled a little bird as soon as it settled down in an offended tone. And the executioner ran wildly up and rubbed its eyes: then it chuckled. \'What fun!\' said the.', 91759486, '2015-04-05', '2017-05-11', 358, 'agfov', 14, 9, 71);
INSERT INTO `Project` (`e_id`, `title`, `summary`, `funds`, `start_date`, `end_date`, `r_id`, `abrv`, `admin_id`, `p_id`, `eval_id`) VALUES (609, 'scale leading-edge e-business', 'Rabbit just under the circumstances. There was no label this time it vanished quite slowly, beginning with the Lory, with a knife, it usually bleeds; and she went on, \'if you don\'t explain it is I.', 3413857, '2013-09-09', '2015-09-21', 364, 'prcoy', 12, 26, 26);
INSERT INTO `Project` (`e_id`, `title`, `summary`, `funds`, `start_date`, `end_date`, `r_id`, `abrv`, `admin_id`, `p_id`, `eval_id`) VALUES (611, 'reintermediate scalable technologies', 'White Rabbit read out, at the other, trying every door, she walked up towards it rather timidly, as she ran; but the Dormouse fell asleep instantly, and Alice looked at her with large round eyes,.', 6547759, '2017-12-17', '2022-01-21', 367, 'glzky', 19, 11, 40);
INSERT INTO `Project` (`e_id`, `title`, `summary`, `funds`, `start_date`, `end_date`, `r_id`, `abrv`, `admin_id`, `p_id`, `eval_id`) VALUES (613, 'grow bleeding-edge functionalities', 'How are you thinking of?\' \'I beg your pardon!\' she exclaimed in a low curtain she had not gone (We know it to be lost, as she could get away without speaking, but at last came a little pattering of.', 96556940, '2014-04-19', '2015-10-11', 370, 'ixctt', 17, 24, 47);
INSERT INTO `Project` (`e_id`, `title`, `summary`, `funds`, `start_date`, `end_date`, `r_id`, `abrv`, `admin_id`, `p_id`, `eval_id`) VALUES (614, 'e-enable cutting-edge systems', 'The Queen had ordered. They very soon found an opportunity of taking it away. She did not like to have no idea what a delightful thing a bit!\' said the Footman. \'That\'s the first figure!\' said the.', 85150247, '2017-03-26', '2020-04-24', 377, 'fouyv', 5, 1, 42);
INSERT INTO `Project` (`e_id`, `title`, `summary`, `funds`, `start_date`, `end_date`, `r_id`, `abrv`, `admin_id`, `p_id`, `eval_id`) VALUES (617, 'matrix next-generation relationships', 'Caterpillar took the least notice of her little sister\'s dream. The long grass rustled at her hands, and was going on between the executioner, the King, rubbing his hands; \'so now let the Dormouse.', 42932373, '2015-05-11', '2016-10-06', 386, 'xjumd', 6, 7, 23);
INSERT INTO `Project` (`e_id`, `title`, `summary`, `funds`, `start_date`, `end_date`, `r_id`, `abrv`, `admin_id`, `p_id`, `eval_id`) VALUES (618, 'strategize cross-platform bandwidth', 'When the Mouse with an anxious look at all for any lesson-books!\' And so she tried to beat them off, and she felt sure it would not open any of them. \'I\'m sure those are not the same, shedding.', 62997164, '2018-12-30', '2020-01-03', 389, 'prcoy', 14, 23, 14);
INSERT INTO `Project` (`e_id`, `title`, `summary`, `funds`, `start_date`, `end_date`, `r_id`, `abrv`, `admin_id`, `p_id`, `eval_id`) VALUES (623, 'reintermediate cutting-edge e-tailers', 'Beautiful, beauti--FUL SOUP!\' \'Chorus again!\' cried the Mock Turtle: \'crumbs would all come wrong, and she felt unhappy. \'It was the King; \'and don\'t look at a reasonable pace,\' said the Duchess. \'I.', 2358020, '2015-03-13', '2016-08-17', 239, 'qssaq', 11, 21, 25);
INSERT INTO `Project` (`e_id`, `title`, `summary`, `funds`, `start_date`, `end_date`, `r_id`, `abrv`, `admin_id`, `p_id`, `eval_id`) VALUES (633, 'optimize ubiquitous architectures', 'Alice, very earnestly. \'I\'ve had nothing else to say to this: so she took up the fan and a large rabbit-hole under the sea--\' (\'I haven\'t,\' said Alice)--\'and perhaps you were me?\' \'Well, perhaps.', 46764410, '2020-08-02', '2024-02-13', 269, 'elykf', 1, 8, 60);
INSERT INTO `Project` (`e_id`, `title`, `summary`, `funds`, `start_date`, `end_date`, `r_id`, `abrv`, `admin_id`, `p_id`, `eval_id`) VALUES (635, 'reintermediate virtual e-services', 'I to do?\' said Alice. \'Exactly so,\' said Alice. \'Did you say it.\' \'That\'s nothing to do.\" Said the mouse doesn\'t get out.\" Only I don\'t understand. Where did they live on?\' said the Hatter. \'I told.', 78074457, '2018-02-18', '2022-05-16', 275, 'elykf', 3, 24, 76);
INSERT INTO `Project` (`e_id`, `title`, `summary`, `funds`, `start_date`, `end_date`, `r_id`, `abrv`, `admin_id`, `p_id`, `eval_id`) VALUES (639, 'extend virtual methodologies', 'Panther received knife and fork with a table set out under a tree in the common way. So she sat down with one of the window, and some of them didn\'t know it was too small, but at any rate, there\'s.', 6430424, '2018-03-25', '2021-03-25', 289, 'xjumd', 11, 16, 59);
INSERT INTO `Project` (`e_id`, `title`, `summary`, `funds`, `start_date`, `end_date`, `r_id`, `abrv`, `admin_id`, `p_id`, `eval_id`) VALUES (642, 'morph revolutionary portals', 'Duchess: \'what a clear way you go,\' said the Caterpillar, just as usual. \'Come, there\'s no name signed at the picture.) \'Up, lazy thing!\' said the King, with an M, such as mouse-traps, and the pair.', 65099013, '2013-05-08', '2015-03-22', 301, 'cuvuh', 15, 6, 64);
INSERT INTO `Project` (`e_id`, `title`, `summary`, `funds`, `start_date`, `end_date`, `r_id`, `abrv`, `admin_id`, `p_id`, `eval_id`) VALUES (651, 'streamline holistic mindshare', 'She pitied him deeply. \'What is it?\' The Gryphon sat up and down looking for it, he was in the distance would take the hint; but the cook and the March Hare. \'I didn\'t mean it!\' pleaded poor Alice..', 29430519, '2014-09-22', '2016-06-14', 328, 'abrll', 15, 18, 22);
INSERT INTO `Project` (`e_id`, `title`, `summary`, `funds`, `start_date`, `end_date`, `r_id`, `abrv`, `admin_id`, `p_id`, `eval_id`) VALUES (658, 'exploit B2C experiences', 'Mystery,\' the Mock Turtle\'s Story \'You can\'t think how glad I am to see what was going to leave the court; but on the top of it. Presently the Rabbit say to itself in a melancholy tone. \'Nobody.', 8510965, '2017-01-19', '2019-09-02', 336, 'nueya', 19, 21, 52);
INSERT INTO `Project` (`e_id`, `title`, `summary`, `funds`, `start_date`, `end_date`, `r_id`, `abrv`, `admin_id`, `p_id`, `eval_id`) VALUES (685, 'deploy frictionless webservices', 'Dinah, and saying \"Come up again, dear!\" I shall be late!\' (when she thought it would not open any of them. \'I\'m sure I\'m not the same, shedding gallons of tears, until there was enough of it in.', 78374086, '2016-09-14', '2020-07-29', 398, 'xjumd', 14, 10, 8);
INSERT INTO `Project` (`e_id`, `title`, `summary`, `funds`, `start_date`, `end_date`, `r_id`, `abrv`, `admin_id`, `p_id`, `eval_id`) VALUES (687, 'iterate web-enabled schemas', 'I can\'t take more.\' \'You mean you can\'t think! And oh, I wish you could see this, as she was ever to get into that beautiful garden--how IS that to be lost: away went Alice after it, \'Mouse dear! Do.', 15681487, '2017-08-18', '2021-06-17', 238, 'agfov', 2, 2, 69);
INSERT INTO `Project` (`e_id`, `title`, `summary`, `funds`, `start_date`, `end_date`, `r_id`, `abrv`, `admin_id`, `p_id`, `eval_id`) VALUES (695, 'envisioneer holistic ROI', 'She was a little bit of mushroom, and her eyes anxiously fixed on it, for she was exactly the right word) \'--but I shall be a walrus or hippopotamus, but then she remembered trying to put his shoes.', 13289541, '2017-11-03', '2021-12-15', 253, 'eeufy', 13, 11, 79);
INSERT INTO `Project` (`e_id`, `title`, `summary`, `funds`, `start_date`, `end_date`, `r_id`, `abrv`, `admin_id`, `p_id`, `eval_id`) VALUES (738, 'monetize value-added e-commerce', 'Stop this moment, I tell you!\' said Alice. \'Of course twinkling begins with an air of great relief. \'Call the next question is, what did the Dormouse say?\' one of the leaves: \'I should like to be.', 29871136, '2014-03-02', '2018-06-15', 367, 'iuwgi', 20, 18, 17);
INSERT INTO `Project` (`e_id`, `title`, `summary`, `funds`, `start_date`, `end_date`, `r_id`, `abrv`, `admin_id`, `p_id`, `eval_id`) VALUES (744, 'matrix distributed deliverables', 'After a time she found a little nervous about this; \'for it might belong to one of the Queen\'s shrill cries to the general conclusion, that wherever you go on? It\'s by far the most curious thing I.', 19695782, '2015-01-10', '2018-11-28', 384, 'agfov', 17, 24, 16);
INSERT INTO `Project` (`e_id`, `title`, `summary`, `funds`, `start_date`, `end_date`, `r_id`, `abrv`, `admin_id`, `p_id`, `eval_id`) VALUES (751, 'syndicate out-of-the-box content', 'Gryphon replied very readily: \'but that\'s because it stays the same words as before, \'It\'s all her life. Indeed, she had brought herself down to her usual height. It was the fan and gloves, and, as.', 9590281, '2016-03-19', '2018-01-08', 396, 'qssaq', 13, 16, 67);
INSERT INTO `Project` (`e_id`, `title`, `summary`, `funds`, `start_date`, `end_date`, `r_id`, `abrv`, `admin_id`, `p_id`, `eval_id`) VALUES (774, 'extend integrated portals', 'ARE OLD, FATHER WILLIAM,\' to the Gryphon. \'Well, I hardly know--No more, thank ye; I\'m better now--but I\'m a deal too flustered to tell him. \'A nice muddle their slates\'ll be in a mournful tone, \'he.', 51886934, '2015-10-16', '2019-10-05', 292, 'ixctt', 7, 19, 3);
INSERT INTO `Project` (`e_id`, `title`, `summary`, `funds`, `start_date`, `end_date`, `r_id`, `abrv`, `admin_id`, `p_id`, `eval_id`) VALUES (784, 'evolve frictionless platforms', 'Gryphon. \'They can\'t have anything to say, she simply bowed, and took the thimble, looking as solemn as she spoke. Alice did not like the Mock Turtle: \'crumbs would all wash off in the wind, and was.', 89021204, '2019-04-17', '2021-06-13', 342, 'ltult', 16, 17, 53);
INSERT INTO `Project` (`e_id`, `title`, `summary`, `funds`, `start_date`, `end_date`, `r_id`, `abrv`, `admin_id`, `p_id`, `eval_id`) VALUES (791, 'target revolutionary deliverables', 'Alice was soon submitted to by the White Rabbit was no one listening, this time, and was immediately suppressed by the time they were filled with cupboards and book-shelves; here and there they.', 2710795, '2014-03-28', '2017-10-31', 359, 'nwtpl', 6, 25, 28);
INSERT INTO `Project` (`e_id`, `title`, `summary`, `funds`, `start_date`, `end_date`, `r_id`, `abrv`, `admin_id`, `p_id`, `eval_id`) VALUES (805, 'reinvent turn-key ROI', 'Heads below!\' (a loud crash)--\'Now, who did that?--It was Bill, I fancy--Who\'s to go nearer till she had expected: before she came upon a time there were three little sisters,\' the Dormouse shall!\'.', 5499833, '2015-03-10', '2019-11-30', 237, 'qssaq', 4, 8, 33);

INSERT INTO `Works_In` (`e_id`, `r_id`) VALUES (501,311);
INSERT INTO `Works_In` (`e_id`, `r_id`) VALUES (501,259);
INSERT INTO `Works_In` (`e_id`, `r_id`) VALUES (501,303);
INSERT INTO `Works_In` (`e_id`, `r_id`) VALUES (501,333);
INSERT INTO `Works_In` (`e_id`, `r_id`) VALUES (502,299);
INSERT INTO `Works_In` (`e_id`, `r_id`) VALUES (502,334);
INSERT INTO `Works_In` (`e_id`, `r_id`) VALUES (503,361);
INSERT INTO `Works_In` (`e_id`, `r_id`) VALUES (503,364);
INSERT INTO `Works_In` (`e_id`, `r_id`) VALUES (504,237);
INSERT INTO `Works_In` (`e_id`, `r_id`) VALUES (504,291);
INSERT INTO `Works_In` (`e_id`, `r_id`) VALUES (504,377);
INSERT INTO `Works_In` (`e_id`, `r_id`) VALUES (505,306);
INSERT INTO `Works_In` (`e_id`, `r_id`) VALUES (505,348);
INSERT INTO `Works_In` (`e_id`, `r_id`) VALUES (506,360);
INSERT INTO `Works_In` (`e_id`, `r_id`) VALUES (506,268);
INSERT INTO `Works_In` (`e_id`, `r_id`) VALUES (506,290);
INSERT INTO `Works_In` (`e_id`, `r_id`) VALUES (506,341);
INSERT INTO `Works_In` (`e_id`, `r_id`) VALUES (506,295);
INSERT INTO `Works_In` (`e_id`, `r_id`) VALUES (507,316);
INSERT INTO `Works_In` (`e_id`, `r_id`) VALUES (507,322);
INSERT INTO `Works_In` (`e_id`, `r_id`) VALUES (507,374);
INSERT INTO `Works_In` (`e_id`, `r_id`) VALUES (507,307);
INSERT INTO `Works_In` (`e_id`, `r_id`) VALUES (508,311);
INSERT INTO `Works_In` (`e_id`, `r_id`) VALUES (508,303);
INSERT INTO `Works_In` (`e_id`, `r_id`) VALUES (508,259);
INSERT INTO `Works_In` (`e_id`, `r_id`) VALUES (508,333);
INSERT INTO `Works_In` (`e_id`, `r_id`) VALUES (509,262);
INSERT INTO `Works_In` (`e_id`, `r_id`) VALUES (509,280);
INSERT INTO `Works_In` (`e_id`, `r_id`) VALUES (509,384);
INSERT INTO `Works_In` (`e_id`, `r_id`) VALUES (509,388);
INSERT INTO `Works_In` (`e_id`, `r_id`) VALUES (509,392);
INSERT INTO `Works_In` (`e_id`, `r_id`) VALUES (510,271);
INSERT INTO `Works_In` (`e_id`, `r_id`) VALUES (510,365);
INSERT INTO `Works_In` (`e_id`, `r_id`) VALUES (510,293);
INSERT INTO `Works_In` (`e_id`, `r_id`) VALUES (510,246);
INSERT INTO `Works_In` (`e_id`, `r_id`) VALUES (510,257);
INSERT INTO `Works_In` (`e_id`, `r_id`) VALUES (511,386);
INSERT INTO `Works_In` (`e_id`, `r_id`) VALUES (511,395);
INSERT INTO `Works_In` (`e_id`, `r_id`) VALUES (511,305);
INSERT INTO `Works_In` (`e_id`, `r_id`) VALUES (511,309);
INSERT INTO `Works_In` (`e_id`, `r_id`) VALUES (511,396);
INSERT INTO `Works_In` (`e_id`, `r_id`) VALUES (512,346);
INSERT INTO `Works_In` (`e_id`, `r_id`) VALUES (512,312);
INSERT INTO `Works_In` (`e_id`, `r_id`) VALUES (512,238);
INSERT INTO `Works_In` (`e_id`, `r_id`) VALUES (512,294);
INSERT INTO `Works_In` (`e_id`, `r_id`) VALUES (512,383);
INSERT INTO `Works_In` (`e_id`, `r_id`) VALUES (513,311);
INSERT INTO `Works_In` (`e_id`, `r_id`) VALUES (513,259);
INSERT INTO `Works_In` (`e_id`, `r_id`) VALUES (513,303);
INSERT INTO `Works_In` (`e_id`, `r_id`) VALUES (513,333);
INSERT INTO `Works_In` (`e_id`, `r_id`) VALUES (514,302);
INSERT INTO `Works_In` (`e_id`, `r_id`) VALUES (514,380);
INSERT INTO `Works_In` (`e_id`, `r_id`) VALUES (514,389);
INSERT INTO `Works_In` (`e_id`, `r_id`) VALUES (515,267);
INSERT INTO `Works_In` (`e_id`, `r_id`) VALUES (515,297);
INSERT INTO `Works_In` (`e_id`, `r_id`) VALUES (515,331);
INSERT INTO `Works_In` (`e_id`, `r_id`) VALUES (515,353);
INSERT INTO `Works_In` (`e_id`, `r_id`) VALUES (516,395);
INSERT INTO `Works_In` (`e_id`, `r_id`) VALUES (516,305);
INSERT INTO `Works_In` (`e_id`, `r_id`) VALUES (516,386);
INSERT INTO `Works_In` (`e_id`, `r_id`) VALUES (516,309);
INSERT INTO `Works_In` (`e_id`, `r_id`) VALUES (516,396);
INSERT INTO `Works_In` (`e_id`, `r_id`) VALUES (517,302);
INSERT INTO `Works_In` (`e_id`, `r_id`) VALUES (517,380);
INSERT INTO `Works_In` (`e_id`, `r_id`) VALUES (517,389);
INSERT INTO `Works_In` (`e_id`, `r_id`) VALUES (519,297);
INSERT INTO `Works_In` (`e_id`, `r_id`) VALUES (519,267);
INSERT INTO `Works_In` (`e_id`, `r_id`) VALUES (519,331);
INSERT INTO `Works_In` (`e_id`, `r_id`) VALUES (519,353);
INSERT INTO `Works_In` (`e_id`, `r_id`) VALUES (520,329);
INSERT INTO `Works_In` (`e_id`, `r_id`) VALUES (520,296);
INSERT INTO `Works_In` (`e_id`, `r_id`) VALUES (520,242);
INSERT INTO `Works_In` (`e_id`, `r_id`) VALUES (520,313);
INSERT INTO `Works_In` (`e_id`, `r_id`) VALUES (521,384);
INSERT INTO `Works_In` (`e_id`, `r_id`) VALUES (521,280);
INSERT INTO `Works_In` (`e_id`, `r_id`) VALUES (521,388);
INSERT INTO `Works_In` (`e_id`, `r_id`) VALUES (521,262);
INSERT INTO `Works_In` (`e_id`, `r_id`) VALUES (521,392);
INSERT INTO `Works_In` (`e_id`, `r_id`) VALUES (523,247);
INSERT INTO `Works_In` (`e_id`, `r_id`) VALUES (523,321);
INSERT INTO `Works_In` (`e_id`, `r_id`) VALUES (523,252);
INSERT INTO `Works_In` (`e_id`, `r_id`) VALUES (523,272);
INSERT INTO `Works_In` (`e_id`, `r_id`) VALUES (523,324);
INSERT INTO `Works_In` (`e_id`, `r_id`) VALUES (524,329);
INSERT INTO `Works_In` (`e_id`, `r_id`) VALUES (524,296);
INSERT INTO `Works_In` (`e_id`, `r_id`) VALUES (524,313);
INSERT INTO `Works_In` (`e_id`, `r_id`) VALUES (524,242);
INSERT INTO `Works_In` (`e_id`, `r_id`) VALUES (524,376);
INSERT INTO `Works_In` (`e_id`, `r_id`) VALUES (525,276);
INSERT INTO `Works_In` (`e_id`, `r_id`) VALUES (525,304);
INSERT INTO `Works_In` (`e_id`, `r_id`) VALUES (525,320);
INSERT INTO `Works_In` (`e_id`, `r_id`) VALUES (526,301);
INSERT INTO `Works_In` (`e_id`, `r_id`) VALUES (526,390);
INSERT INTO `Works_In` (`e_id`, `r_id`) VALUES (526,357);
INSERT INTO `Works_In` (`e_id`, `r_id`) VALUES (526,265);
INSERT INTO `Works_In` (`e_id`, `r_id`) VALUES (526,393);
INSERT INTO `Works_In` (`e_id`, `r_id`) VALUES (529,303);
INSERT INTO `Works_In` (`e_id`, `r_id`) VALUES (529,259);
INSERT INTO `Works_In` (`e_id`, `r_id`) VALUES (529,311);
INSERT INTO `Works_In` (`e_id`, `r_id`) VALUES (529,333);
INSERT INTO `Works_In` (`e_id`, `r_id`) VALUES (531,363);
INSERT INTO `Works_In` (`e_id`, `r_id`) VALUES (531,391);
INSERT INTO `Works_In` (`e_id`, `r_id`) VALUES (533,309);
INSERT INTO `Works_In` (`e_id`, `r_id`) VALUES (533,386);
INSERT INTO `Works_In` (`e_id`, `r_id`) VALUES (533,305);
INSERT INTO `Works_In` (`e_id`, `r_id`) VALUES (533,395);
INSERT INTO `Works_In` (`e_id`, `r_id`) VALUES (533,396);
INSERT INTO `Works_In` (`e_id`, `r_id`) VALUES (535,273);
INSERT INTO `Works_In` (`e_id`, `r_id`) VALUES (535,319);
INSERT INTO `Works_In` (`e_id`, `r_id`) VALUES (535,352);
INSERT INTO `Works_In` (`e_id`, `r_id`) VALUES (535,278);
INSERT INTO `Works_In` (`e_id`, `r_id`) VALUES (535,284);
INSERT INTO `Works_In` (`e_id`, `r_id`) VALUES (537,316);
INSERT INTO `Works_In` (`e_id`, `r_id`) VALUES (537,374);
INSERT INTO `Works_In` (`e_id`, `r_id`) VALUES (537,322);
INSERT INTO `Works_In` (`e_id`, `r_id`) VALUES (537,307);
INSERT INTO `Works_In` (`e_id`, `r_id`) VALUES (537,385);
INSERT INTO `Works_In` (`e_id`, `r_id`) VALUES (538,278);
INSERT INTO `Works_In` (`e_id`, `r_id`) VALUES (538,352);
INSERT INTO `Works_In` (`e_id`, `r_id`) VALUES (538,273);
INSERT INTO `Works_In` (`e_id`, `r_id`) VALUES (538,284);
INSERT INTO `Works_In` (`e_id`, `r_id`) VALUES (538,319);
INSERT INTO `Works_In` (`e_id`, `r_id`) VALUES (540,325);
INSERT INTO `Works_In` (`e_id`, `r_id`) VALUES (540,342);
INSERT INTO `Works_In` (`e_id`, `r_id`) VALUES (540,350);
INSERT INTO `Works_In` (`e_id`, `r_id`) VALUES (541,395);
INSERT INTO `Works_In` (`e_id`, `r_id`) VALUES (541,309);
INSERT INTO `Works_In` (`e_id`, `r_id`) VALUES (541,386);
INSERT INTO `Works_In` (`e_id`, `r_id`) VALUES (541,305);
INSERT INTO `Works_In` (`e_id`, `r_id`) VALUES (541,396);
INSERT INTO `Works_In` (`e_id`, `r_id`) VALUES (542,330);
INSERT INTO `Works_In` (`e_id`, `r_id`) VALUES (542,245);
INSERT INTO `Works_In` (`e_id`, `r_id`) VALUES (542,337);
INSERT INTO `Works_In` (`e_id`, `r_id`) VALUES (542,240);
INSERT INTO `Works_In` (`e_id`, `r_id`) VALUES (542,371);
INSERT INTO `Works_In` (`e_id`, `r_id`) VALUES (545,363);
INSERT INTO `Works_In` (`e_id`, `r_id`) VALUES (545,391);
INSERT INTO `Works_In` (`e_id`, `r_id`) VALUES (546,254);
INSERT INTO `Works_In` (`e_id`, `r_id`) VALUES (546,256);
INSERT INTO `Works_In` (`e_id`, `r_id`) VALUES (546,287);
INSERT INTO `Works_In` (`e_id`, `r_id`) VALUES (547,361);
INSERT INTO `Works_In` (`e_id`, `r_id`) VALUES (547,364);
INSERT INTO `Works_In` (`e_id`, `r_id`) VALUES (549,251);
INSERT INTO `Works_In` (`e_id`, `r_id`) VALUES (549,258);
INSERT INTO `Works_In` (`e_id`, `r_id`) VALUES (549,250);
INSERT INTO `Works_In` (`e_id`, `r_id`) VALUES (549,279);
INSERT INTO `Works_In` (`e_id`, `r_id`) VALUES (552,241);
INSERT INTO `Works_In` (`e_id`, `r_id`) VALUES (552,340);
INSERT INTO `Works_In` (`e_id`, `r_id`) VALUES (552,370);
INSERT INTO `Works_In` (`e_id`, `r_id`) VALUES (553,328);
INSERT INTO `Works_In` (`e_id`, `r_id`) VALUES (553,275);
INSERT INTO `Works_In` (`e_id`, `r_id`) VALUES (553,269);
INSERT INTO `Works_In` (`e_id`, `r_id`) VALUES (553,308);
INSERT INTO `Works_In` (`e_id`, `r_id`) VALUES (555,299);
INSERT INTO `Works_In` (`e_id`, `r_id`) VALUES (555,334);
INSERT INTO `Works_In` (`e_id`, `r_id`) VALUES (560,375);
INSERT INTO `Works_In` (`e_id`, `r_id`) VALUES (562,241);
INSERT INTO `Works_In` (`e_id`, `r_id`) VALUES (562,340);
INSERT INTO `Works_In` (`e_id`, `r_id`) VALUES (562,370);
INSERT INTO `Works_In` (`e_id`, `r_id`) VALUES (563,314);
INSERT INTO `Works_In` (`e_id`, `r_id`) VALUES (563,339);
INSERT INTO `Works_In` (`e_id`, `r_id`) VALUES (563,367);
INSERT INTO `Works_In` (`e_id`, `r_id`) VALUES (564,300);
INSERT INTO `Works_In` (`e_id`, `r_id`) VALUES (564,349);
INSERT INTO `Works_In` (`e_id`, `r_id`) VALUES (564,310);
INSERT INTO `Works_In` (`e_id`, `r_id`) VALUES (564,373);
INSERT INTO `Works_In` (`e_id`, `r_id`) VALUES (572,340);
INSERT INTO `Works_In` (`e_id`, `r_id`) VALUES (572,241);
INSERT INTO `Works_In` (`e_id`, `r_id`) VALUES (572,370);
INSERT INTO `Works_In` (`e_id`, `r_id`) VALUES (573,306);
INSERT INTO `Works_In` (`e_id`, `r_id`) VALUES (573,348);
INSERT INTO `Works_In` (`e_id`, `r_id`) VALUES (576,375);
INSERT INTO `Works_In` (`e_id`, `r_id`) VALUES (579,272);
INSERT INTO `Works_In` (`e_id`, `r_id`) VALUES (579,321);
INSERT INTO `Works_In` (`e_id`, `r_id`) VALUES (579,247);
INSERT INTO `Works_In` (`e_id`, `r_id`) VALUES (579,324);
INSERT INTO `Works_In` (`e_id`, `r_id`) VALUES (579,252);
INSERT INTO `Works_In` (`e_id`, `r_id`) VALUES (582,340);
INSERT INTO `Works_In` (`e_id`, `r_id`) VALUES (582,241);
INSERT INTO `Works_In` (`e_id`, `r_id`) VALUES (582,370);
INSERT INTO `Works_In` (`e_id`, `r_id`) VALUES (587,378);
INSERT INTO `Works_In` (`e_id`, `r_id`) VALUES (587,347);
INSERT INTO `Works_In` (`e_id`, `r_id`) VALUES (587,289);
INSERT INTO `Works_In` (`e_id`, `r_id`) VALUES (587,288);
INSERT INTO `Works_In` (`e_id`, `r_id`) VALUES (587,381);
INSERT INTO `Works_In` (`e_id`, `r_id`) VALUES (592,384);
INSERT INTO `Works_In` (`e_id`, `r_id`) VALUES (592,388);
INSERT INTO `Works_In` (`e_id`, `r_id`) VALUES (592,262);
INSERT INTO `Works_In` (`e_id`, `r_id`) VALUES (592,280);
INSERT INTO `Works_In` (`e_id`, `r_id`) VALUES (592,392);
INSERT INTO `Works_In` (`e_id`, `r_id`) VALUES (593,339);
INSERT INTO `Works_In` (`e_id`, `r_id`) VALUES (593,314);
INSERT INTO `Works_In` (`e_id`, `r_id`) VALUES (593,367);
INSERT INTO `Works_In` (`e_id`, `r_id`) VALUES (594,238);
INSERT INTO `Works_In` (`e_id`, `r_id`) VALUES (594,346);
INSERT INTO `Works_In` (`e_id`, `r_id`) VALUES (594,312);
INSERT INTO `Works_In` (`e_id`, `r_id`) VALUES (594,294);
INSERT INTO `Works_In` (`e_id`, `r_id`) VALUES (594,383);
INSERT INTO `Works_In` (`e_id`, `r_id`) VALUES (596,257);
INSERT INTO `Works_In` (`e_id`, `r_id`) VALUES (596,293);
INSERT INTO `Works_In` (`e_id`, `r_id`) VALUES (596,236);
INSERT INTO `Works_In` (`e_id`, `r_id`) VALUES (596,248);
INSERT INTO `Works_In` (`e_id`, `r_id`) VALUES (596,246);
INSERT INTO `Works_In` (`e_id`, `r_id`) VALUES (598,300);
INSERT INTO `Works_In` (`e_id`, `r_id`) VALUES (598,349);
INSERT INTO `Works_In` (`e_id`, `r_id`) VALUES (598,310);
INSERT INTO `Works_In` (`e_id`, `r_id`) VALUES (598,373);
INSERT INTO `Works_In` (`e_id`, `r_id`) VALUES (600,375);
INSERT INTO `Works_In` (`e_id`, `r_id`) VALUES (606,390);
INSERT INTO `Works_In` (`e_id`, `r_id`) VALUES (606,357);
INSERT INTO `Works_In` (`e_id`, `r_id`) VALUES (606,265);
INSERT INTO `Works_In` (`e_id`, `r_id`) VALUES (606,301);
INSERT INTO `Works_In` (`e_id`, `r_id`) VALUES (606,393);
INSERT INTO `Works_In` (`e_id`, `r_id`) VALUES (609,256);
INSERT INTO `Works_In` (`e_id`, `r_id`) VALUES (609,254);
INSERT INTO `Works_In` (`e_id`, `r_id`) VALUES (609,287);
INSERT INTO `Works_In` (`e_id`, `r_id`) VALUES (611,345);
INSERT INTO `Works_In` (`e_id`, `r_id`) VALUES (611,317);
INSERT INTO `Works_In` (`e_id`, `r_id`) VALUES (611,270);
INSERT INTO `Works_In` (`e_id`, `r_id`) VALUES (611,399);
INSERT INTO `Works_In` (`e_id`, `r_id`) VALUES (613,286);
INSERT INTO `Works_In` (`e_id`, `r_id`) VALUES (613,271);
INSERT INTO `Works_In` (`e_id`, `r_id`) VALUES (613,248);
INSERT INTO `Works_In` (`e_id`, `r_id`) VALUES (613,246);
INSERT INTO `Works_In` (`e_id`, `r_id`) VALUES (613,293);
INSERT INTO `Works_In` (`e_id`, `r_id`) VALUES (614,251);
INSERT INTO `Works_In` (`e_id`, `r_id`) VALUES (614,258);
INSERT INTO `Works_In` (`e_id`, `r_id`) VALUES (614,250);
INSERT INTO `Works_In` (`e_id`, `r_id`) VALUES (614,279);
INSERT INTO `Works_In` (`e_id`, `r_id`) VALUES (617,272);
INSERT INTO `Works_In` (`e_id`, `r_id`) VALUES (617,247);
INSERT INTO `Works_In` (`e_id`, `r_id`) VALUES (617,324);
INSERT INTO `Works_In` (`e_id`, `r_id`) VALUES (617,321);
INSERT INTO `Works_In` (`e_id`, `r_id`) VALUES (617,252);
INSERT INTO `Works_In` (`e_id`, `r_id`) VALUES (618,254);
INSERT INTO `Works_In` (`e_id`, `r_id`) VALUES (618,256);
INSERT INTO `Works_In` (`e_id`, `r_id`) VALUES (618,287);
INSERT INTO `Works_In` (`e_id`, `r_id`) VALUES (623,327);
INSERT INTO `Works_In` (`e_id`, `r_id`) VALUES (623,344);
INSERT INTO `Works_In` (`e_id`, `r_id`) VALUES (633,280);
INSERT INTO `Works_In` (`e_id`, `r_id`) VALUES (633,388);
INSERT INTO `Works_In` (`e_id`, `r_id`) VALUES (633,262);
INSERT INTO `Works_In` (`e_id`, `r_id`) VALUES (633,384);
INSERT INTO `Works_In` (`e_id`, `r_id`) VALUES (633,392);
INSERT INTO `Works_In` (`e_id`, `r_id`) VALUES (635,384);
INSERT INTO `Works_In` (`e_id`, `r_id`) VALUES (635,280);
INSERT INTO `Works_In` (`e_id`, `r_id`) VALUES (635,262);
INSERT INTO `Works_In` (`e_id`, `r_id`) VALUES (635,388);
INSERT INTO `Works_In` (`e_id`, `r_id`) VALUES (635,392);
INSERT INTO `Works_In` (`e_id`, `r_id`) VALUES (639,247);
INSERT INTO `Works_In` (`e_id`, `r_id`) VALUES (639,321);
INSERT INTO `Works_In` (`e_id`, `r_id`) VALUES (639,324);
INSERT INTO `Works_In` (`e_id`, `r_id`) VALUES (639,272);
INSERT INTO `Works_In` (`e_id`, `r_id`) VALUES (639,252);
INSERT INTO `Works_In` (`e_id`, `r_id`) VALUES (642,273);
INSERT INTO `Works_In` (`e_id`, `r_id`) VALUES (642,278);
INSERT INTO `Works_In` (`e_id`, `r_id`) VALUES (642,352);
INSERT INTO `Works_In` (`e_id`, `r_id`) VALUES (642,319);
INSERT INTO `Works_In` (`e_id`, `r_id`) VALUES (642,284);
INSERT INTO `Works_In` (`e_id`, `r_id`) VALUES (651,336);
INSERT INTO `Works_In` (`e_id`, `r_id`) VALUES (658,307);
INSERT INTO `Works_In` (`e_id`, `r_id`) VALUES (658,316);
INSERT INTO `Works_In` (`e_id`, `r_id`) VALUES (658,374);
INSERT INTO `Works_In` (`e_id`, `r_id`) VALUES (658,322);
INSERT INTO `Works_In` (`e_id`, `r_id`) VALUES (685,247);
INSERT INTO `Works_In` (`e_id`, `r_id`) VALUES (685,252);
INSERT INTO `Works_In` (`e_id`, `r_id`) VALUES (685,272);
INSERT INTO `Works_In` (`e_id`, `r_id`) VALUES (685,324);
INSERT INTO `Works_In` (`e_id`, `r_id`) VALUES (685,321);
INSERT INTO `Works_In` (`e_id`, `r_id`) VALUES (687,301);
INSERT INTO `Works_In` (`e_id`, `r_id`) VALUES (687,390);
INSERT INTO `Works_In` (`e_id`, `r_id`) VALUES (687,265);
INSERT INTO `Works_In` (`e_id`, `r_id`) VALUES (687,357);
INSERT INTO `Works_In` (`e_id`, `r_id`) VALUES (687,393);
INSERT INTO `Works_In` (`e_id`, `r_id`) VALUES (695,303);
INSERT INTO `Works_In` (`e_id`, `r_id`) VALUES (695,311);
INSERT INTO `Works_In` (`e_id`, `r_id`) VALUES (695,259);
INSERT INTO `Works_In` (`e_id`, `r_id`) VALUES (695,333);
INSERT INTO `Works_In` (`e_id`, `r_id`) VALUES (738,346);
INSERT INTO `Works_In` (`e_id`, `r_id`) VALUES (738,312);
INSERT INTO `Works_In` (`e_id`, `r_id`) VALUES (738,238);
INSERT INTO `Works_In` (`e_id`, `r_id`) VALUES (738,294);
INSERT INTO `Works_In` (`e_id`, `r_id`) VALUES (738,383);
INSERT INTO `Works_In` (`e_id`, `r_id`) VALUES (744,390);
INSERT INTO `Works_In` (`e_id`, `r_id`) VALUES (744,357);
INSERT INTO `Works_In` (`e_id`, `r_id`) VALUES (744,301);
INSERT INTO `Works_In` (`e_id`, `r_id`) VALUES (744,265);
INSERT INTO `Works_In` (`e_id`, `r_id`) VALUES (751,327);
INSERT INTO `Works_In` (`e_id`, `r_id`) VALUES (751,344);
INSERT INTO `Works_In` (`e_id`, `r_id`) VALUES (774,236);
INSERT INTO `Works_In` (`e_id`, `r_id`) VALUES (774,293);
INSERT INTO `Works_In` (`e_id`, `r_id`) VALUES (774,271);
INSERT INTO `Works_In` (`e_id`, `r_id`) VALUES (774,248);
INSERT INTO `Works_In` (`e_id`, `r_id`) VALUES (774,257);
INSERT INTO `Works_In` (`e_id`, `r_id`) VALUES (784,318);
INSERT INTO `Works_In` (`e_id`, `r_id`) VALUES (784,244);
INSERT INTO `Works_In` (`e_id`, `r_id`) VALUES (784,387);
INSERT INTO `Works_In` (`e_id`, `r_id`) VALUES (784,338);
INSERT INTO `Works_In` (`e_id`, `r_id`) VALUES (784,400);
INSERT INTO `Works_In` (`e_id`, `r_id`) VALUES (791,363);
INSERT INTO `Works_In` (`e_id`, `r_id`) VALUES (791,391);
INSERT INTO `Works_In` (`e_id`, `r_id`) VALUES (805,327);
INSERT INTO `Works_In` (`e_id`, `r_id`) VALUES (805,344);


INSERT INTO `Org_Phone_Number` (`abrv`, `phone_number`) VALUES ('abrll', '(698)591-4373x');
INSERT INTO `Org_Phone_Number` (`abrv`, `phone_number`) VALUES ('abrll', '1-418-963-8013');
INSERT INTO `Org_Phone_Number` (`abrv`, `phone_number`) VALUES ('abrll', '679.298.3156x4');
INSERT INTO `Org_Phone_Number` (`abrv`, `phone_number`) VALUES ('abrll', '947.911.5701x1');
INSERT INTO `Org_Phone_Number` (`abrv`, `phone_number`) VALUES ('agfov', '(388)811-3628x');
INSERT INTO `Org_Phone_Number` (`abrv`, `phone_number`) VALUES ('agfov', '(612)317-9283');
INSERT INTO `Org_Phone_Number` (`abrv`, `phone_number`) VALUES ('agfov', '(917)065-4003x');
INSERT INTO `Org_Phone_Number` (`abrv`, `phone_number`) VALUES ('agfov', '787-431-0898x5');
INSERT INTO `Org_Phone_Number` (`abrv`, `phone_number`) VALUES ('agfov', '981.453.7404');
INSERT INTO `Org_Phone_Number` (`abrv`, `phone_number`) VALUES ('cuvuh', '+07(8)19941319');
INSERT INTO `Org_Phone_Number` (`abrv`, `phone_number`) VALUES ('cuvuh', '+30(3)83295957');
INSERT INTO `Org_Phone_Number` (`abrv`, `phone_number`) VALUES ('cuvuh', '+72(4)94186659');
INSERT INTO `Org_Phone_Number` (`abrv`, `phone_number`) VALUES ('cuvuh', '020-998-4585x8');
INSERT INTO `Org_Phone_Number` (`abrv`, `phone_number`) VALUES ('cuvuh', '074-076-6398');
INSERT INTO `Org_Phone_Number` (`abrv`, `phone_number`) VALUES ('cuvuh', '321.426.1255x8');
INSERT INTO `Org_Phone_Number` (`abrv`, `phone_number`) VALUES ('cuvuh', '345.742.7773');
INSERT INTO `Org_Phone_Number` (`abrv`, `phone_number`) VALUES ('cuvuh', '676.541.4364');
INSERT INTO `Org_Phone_Number` (`abrv`, `phone_number`) VALUES ('dfvjj', '+51(1)04783131');
INSERT INTO `Org_Phone_Number` (`abrv`, `phone_number`) VALUES ('dfvjj', '1-036-467-7029');
INSERT INTO `Org_Phone_Number` (`abrv`, `phone_number`) VALUES ('dfvjj', '1-508-218-8580');
INSERT INTO `Org_Phone_Number` (`abrv`, `phone_number`) VALUES ('dfvjj', '263.525.2970');
INSERT INTO `Org_Phone_Number` (`abrv`, `phone_number`) VALUES ('dfvjj', '297.762.6674x3');
INSERT INTO `Org_Phone_Number` (`abrv`, `phone_number`) VALUES ('dfvjj', '991-925-9500x0');
INSERT INTO `Org_Phone_Number` (`abrv`, `phone_number`) VALUES ('eeufy', '(115)971-9381x');
INSERT INTO `Org_Phone_Number` (`abrv`, `phone_number`) VALUES ('eeufy', '01419817348');
INSERT INTO `Org_Phone_Number` (`abrv`, `phone_number`) VALUES ('eeufy', '1-366-562-6259');
INSERT INTO `Org_Phone_Number` (`abrv`, `phone_number`) VALUES ('eeufy', '119.979.8575x1');
INSERT INTO `Org_Phone_Number` (`abrv`, `phone_number`) VALUES ('eeufy', '239.675.9862');
INSERT INTO `Org_Phone_Number` (`abrv`, `phone_number`) VALUES ('eeufy', '927.285.1149');
INSERT INTO `Org_Phone_Number` (`abrv`, `phone_number`) VALUES ('elykf', '(079)546-0768x');
INSERT INTO `Org_Phone_Number` (`abrv`, `phone_number`) VALUES ('elykf', '(330)638-8686x');
INSERT INTO `Org_Phone_Number` (`abrv`, `phone_number`) VALUES ('elykf', '1-006-649-5516');
INSERT INTO `Org_Phone_Number` (`abrv`, `phone_number`) VALUES ('elykf', '1-916-781-8931');
INSERT INTO `Org_Phone_Number` (`abrv`, `phone_number`) VALUES ('elykf', '368.740.8677x6');
INSERT INTO `Org_Phone_Number` (`abrv`, `phone_number`) VALUES ('elykf', '445-241-5731');
INSERT INTO `Org_Phone_Number` (`abrv`, `phone_number`) VALUES ('fouyv', '1-567-837-0184');
INSERT INTO `Org_Phone_Number` (`abrv`, `phone_number`) VALUES ('fouyv', '160.833.3448x6');
INSERT INTO `Org_Phone_Number` (`abrv`, `phone_number`) VALUES ('fouyv', '217-919-0431');
INSERT INTO `Org_Phone_Number` (`abrv`, `phone_number`) VALUES ('fouyv', '858-788-8811x7');
INSERT INTO `Org_Phone_Number` (`abrv`, `phone_number`) VALUES ('gjbud', '(000)821-2806');
INSERT INTO `Org_Phone_Number` (`abrv`, `phone_number`) VALUES ('gjbud', '(460)882-9619x');
INSERT INTO `Org_Phone_Number` (`abrv`, `phone_number`) VALUES ('gjbud', '(557)689-3100');
INSERT INTO `Org_Phone_Number` (`abrv`, `phone_number`) VALUES ('gjbud', '(704)690-1866x');
INSERT INTO `Org_Phone_Number` (`abrv`, `phone_number`) VALUES ('gjbud', '1-255-478-8423');
INSERT INTO `Org_Phone_Number` (`abrv`, `phone_number`) VALUES ('gjbud', '1-422-386-3075');
INSERT INTO `Org_Phone_Number` (`abrv`, `phone_number`) VALUES ('gjbud', '264.183.5422');
INSERT INTO `Org_Phone_Number` (`abrv`, `phone_number`) VALUES ('gjbud', '339-101-8082');
INSERT INTO `Org_Phone_Number` (`abrv`, `phone_number`) VALUES ('gjbud', '413.172.9949x4');
INSERT INTO `Org_Phone_Number` (`abrv`, `phone_number`) VALUES ('gjbud', '756-757-3542');
INSERT INTO `Org_Phone_Number` (`abrv`, `phone_number`) VALUES ('glzky', '(524)691-7800');
INSERT INTO `Org_Phone_Number` (`abrv`, `phone_number`) VALUES ('glzky', '(629)099-1267');
INSERT INTO `Org_Phone_Number` (`abrv`, `phone_number`) VALUES ('glzky', '1-030-755-7483');
INSERT INTO `Org_Phone_Number` (`abrv`, `phone_number`) VALUES ('glzky', '1-353-905-8132');
INSERT INTO `Org_Phone_Number` (`abrv`, `phone_number`) VALUES ('glzky', '156-207-7503x4');
INSERT INTO `Org_Phone_Number` (`abrv`, `phone_number`) VALUES ('glzky', '271.495.8254');
INSERT INTO `Org_Phone_Number` (`abrv`, `phone_number`) VALUES ('glzky', '418-262-5959');
INSERT INTO `Org_Phone_Number` (`abrv`, `phone_number`) VALUES ('glzky', '606.309.6654');
INSERT INTO `Org_Phone_Number` (`abrv`, `phone_number`) VALUES ('gqnhw', '(139)223-8731x');
INSERT INTO `Org_Phone_Number` (`abrv`, `phone_number`) VALUES ('gqnhw', '(323)579-8883x');
INSERT INTO `Org_Phone_Number` (`abrv`, `phone_number`) VALUES ('gqnhw', '09047527176');
INSERT INTO `Org_Phone_Number` (`abrv`, `phone_number`) VALUES ('gqnhw', '1-120-679-9803');
INSERT INTO `Org_Phone_Number` (`abrv`, `phone_number`) VALUES ('gqnhw', '1-166-233-8671');
INSERT INTO `Org_Phone_Number` (`abrv`, `phone_number`) VALUES ('gqnhw', '259-438-3313');
INSERT INTO `Org_Phone_Number` (`abrv`, `phone_number`) VALUES ('gqnhw', '416.753.1001x5');
INSERT INTO `Org_Phone_Number` (`abrv`, `phone_number`) VALUES ('gqnhw', '960-353-3894');
INSERT INTO `Org_Phone_Number` (`abrv`, `phone_number`) VALUES ('hgmug', '(381)913-9436x');
INSERT INTO `Org_Phone_Number` (`abrv`, `phone_number`) VALUES ('hgmug', '(647)143-7340');
INSERT INTO `Org_Phone_Number` (`abrv`, `phone_number`) VALUES ('hgmug', '06401379466');
INSERT INTO `Org_Phone_Number` (`abrv`, `phone_number`) VALUES ('hgmug', '06687723354');
INSERT INTO `Org_Phone_Number` (`abrv`, `phone_number`) VALUES ('hgmug', '1-139-907-0800');
INSERT INTO `Org_Phone_Number` (`abrv`, `phone_number`) VALUES ('hgmug', '1-838-792-7255');
INSERT INTO `Org_Phone_Number` (`abrv`, `phone_number`) VALUES ('hgmug', '495.074.8976');
INSERT INTO `Org_Phone_Number` (`abrv`, `phone_number`) VALUES ('hgmug', '842.890.5848x2');
INSERT INTO `Org_Phone_Number` (`abrv`, `phone_number`) VALUES ('ipgwl', '(385)486-6064');
INSERT INTO `Org_Phone_Number` (`abrv`, `phone_number`) VALUES ('ipgwl', '+36(2)93455924');
INSERT INTO `Org_Phone_Number` (`abrv`, `phone_number`) VALUES ('ipgwl', '+37(7)30119691');
INSERT INTO `Org_Phone_Number` (`abrv`, `phone_number`) VALUES ('ipgwl', '00832990131');
INSERT INTO `Org_Phone_Number` (`abrv`, `phone_number`) VALUES ('ipgwl', '08415176335');
INSERT INTO `Org_Phone_Number` (`abrv`, `phone_number`) VALUES ('ipgwl', '1-771-615-0609');
INSERT INTO `Org_Phone_Number` (`abrv`, `phone_number`) VALUES ('ipgwl', '213.551.6690');
INSERT INTO `Org_Phone_Number` (`abrv`, `phone_number`) VALUES ('iuwgi', '(806)812-0945x');
INSERT INTO `Org_Phone_Number` (`abrv`, `phone_number`) VALUES ('iuwgi', '+19(1)27812688');
INSERT INTO `Org_Phone_Number` (`abrv`, `phone_number`) VALUES ('iuwgi', '443.035.7382x8');
INSERT INTO `Org_Phone_Number` (`abrv`, `phone_number`) VALUES ('iuwgi', '634.485.3158');
INSERT INTO `Org_Phone_Number` (`abrv`, `phone_number`) VALUES ('iuwgi', '946.212.5905x1');
INSERT INTO `Org_Phone_Number` (`abrv`, `phone_number`) VALUES ('iuwgi', '963-102-0704x5');
INSERT INTO `Org_Phone_Number` (`abrv`, `phone_number`) VALUES ('ixctt', '05388811637');
INSERT INTO `Org_Phone_Number` (`abrv`, `phone_number`) VALUES ('ixctt', '1-133-782-3774');
INSERT INTO `Org_Phone_Number` (`abrv`, `phone_number`) VALUES ('ixctt', '1-343-021-7449');
INSERT INTO `Org_Phone_Number` (`abrv`, `phone_number`) VALUES ('ixctt', '461.493.2888x7');
INSERT INTO `Org_Phone_Number` (`abrv`, `phone_number`) VALUES ('ixctt', '576.735.9821x0');
INSERT INTO `Org_Phone_Number` (`abrv`, `phone_number`) VALUES ('jcwmc', '(171)745-0702x');
INSERT INTO `Org_Phone_Number` (`abrv`, `phone_number`) VALUES ('jcwmc', '03539047452');
INSERT INTO `Org_Phone_Number` (`abrv`, `phone_number`) VALUES ('jcwmc', '05483496691');
INSERT INTO `Org_Phone_Number` (`abrv`, `phone_number`) VALUES ('jcwmc', '1-020-720-5891');
INSERT INTO `Org_Phone_Number` (`abrv`, `phone_number`) VALUES ('jcwmc', '1-539-727-5351');
INSERT INTO `Org_Phone_Number` (`abrv`, `phone_number`) VALUES ('jcwmc', '699.667.2683');
INSERT INTO `Org_Phone_Number` (`abrv`, `phone_number`) VALUES ('kiznc', '(475)075-3787x');
INSERT INTO `Org_Phone_Number` (`abrv`, `phone_number`) VALUES ('kiznc', '(604)660-1173x');
INSERT INTO `Org_Phone_Number` (`abrv`, `phone_number`) VALUES ('kiznc', '+31(0)07199906');
INSERT INTO `Org_Phone_Number` (`abrv`, `phone_number`) VALUES ('kiznc', '039-020-6836');
INSERT INTO `Org_Phone_Number` (`abrv`, `phone_number`) VALUES ('kiznc', '05739043253');
INSERT INTO `Org_Phone_Number` (`abrv`, `phone_number`) VALUES ('kiznc', '084-237-7488x5');
INSERT INTO `Org_Phone_Number` (`abrv`, `phone_number`) VALUES ('kiznc', '1-374-777-8532');
INSERT INTO `Org_Phone_Number` (`abrv`, `phone_number`) VALUES ('kiznc', '137-586-8222x7');
INSERT INTO `Org_Phone_Number` (`abrv`, `phone_number`) VALUES ('kiznc', '369-214-3858x2');
INSERT INTO `Org_Phone_Number` (`abrv`, `phone_number`) VALUES ('kiznc', '470.283.3648x9');
INSERT INTO `Org_Phone_Number` (`abrv`, `phone_number`) VALUES ('kiznc', '533-114-4652x1');
INSERT INTO `Org_Phone_Number` (`abrv`, `phone_number`) VALUES ('kiznc', '629.288.6564');
INSERT INTO `Org_Phone_Number` (`abrv`, `phone_number`) VALUES ('kiznc', '895-422-8830');
INSERT INTO `Org_Phone_Number` (`abrv`, `phone_number`) VALUES ('lmnbq', '(013)988-7432x');
INSERT INTO `Org_Phone_Number` (`abrv`, `phone_number`) VALUES ('lmnbq', '(831)961-5712x');
INSERT INTO `Org_Phone_Number` (`abrv`, `phone_number`) VALUES ('lmnbq', '+90(5)04595377');
INSERT INTO `Org_Phone_Number` (`abrv`, `phone_number`) VALUES ('lmnbq', '210-065-1142x8');
INSERT INTO `Org_Phone_Number` (`abrv`, `phone_number`) VALUES ('lmnbq', '360.986.1545x0');
INSERT INTO `Org_Phone_Number` (`abrv`, `phone_number`) VALUES ('lmnbq', '742.716.9899x8');
INSERT INTO `Org_Phone_Number` (`abrv`, `phone_number`) VALUES ('lmnbq', '925.405.4628x8');
INSERT INTO `Org_Phone_Number` (`abrv`, `phone_number`) VALUES ('ltult', '+14(1)72700330');
INSERT INTO `Org_Phone_Number` (`abrv`, `phone_number`) VALUES ('ltult', '006.842.1346x5');
INSERT INTO `Org_Phone_Number` (`abrv`, `phone_number`) VALUES ('ltult', '02283857259');
INSERT INTO `Org_Phone_Number` (`abrv`, `phone_number`) VALUES ('ltult', '06117077237');
INSERT INTO `Org_Phone_Number` (`abrv`, `phone_number`) VALUES ('ltult', '1-063-748-2325');
INSERT INTO `Org_Phone_Number` (`abrv`, `phone_number`) VALUES ('ltult', '1-149-532-1485');
INSERT INTO `Org_Phone_Number` (`abrv`, `phone_number`) VALUES ('ltult', '1-780-469-8458');
INSERT INTO `Org_Phone_Number` (`abrv`, `phone_number`) VALUES ('ltult', '219-573-3641');
INSERT INTO `Org_Phone_Number` (`abrv`, `phone_number`) VALUES ('mgalm', '(499)621-0885x');
INSERT INTO `Org_Phone_Number` (`abrv`, `phone_number`) VALUES ('mgalm', '(506)290-9131');
INSERT INTO `Org_Phone_Number` (`abrv`, `phone_number`) VALUES ('mgalm', '026-717-4706');
INSERT INTO `Org_Phone_Number` (`abrv`, `phone_number`) VALUES ('mgalm', '1-255-151-0250');
INSERT INTO `Org_Phone_Number` (`abrv`, `phone_number`) VALUES ('mgalm', '193-750-3265');
INSERT INTO `Org_Phone_Number` (`abrv`, `phone_number`) VALUES ('muanc', '(748)808-3945');
INSERT INTO `Org_Phone_Number` (`abrv`, `phone_number`) VALUES ('muanc', '09362418193');
INSERT INTO `Org_Phone_Number` (`abrv`, `phone_number`) VALUES ('muanc', '499.284.9462x4');
INSERT INTO `Org_Phone_Number` (`abrv`, `phone_number`) VALUES ('muanc', '860-186-9065');
INSERT INTO `Org_Phone_Number` (`abrv`, `phone_number`) VALUES ('nueya', '349.830.3463x1');
INSERT INTO `Org_Phone_Number` (`abrv`, `phone_number`) VALUES ('nueya', '429.813.3370x1');
INSERT INTO `Org_Phone_Number` (`abrv`, `phone_number`) VALUES ('nueya', '732.651.7878x6');
INSERT INTO `Org_Phone_Number` (`abrv`, `phone_number`) VALUES ('nwtpl', '+38(1)59640628');
INSERT INTO `Org_Phone_Number` (`abrv`, `phone_number`) VALUES ('nwtpl', '08824435578');
INSERT INTO `Org_Phone_Number` (`abrv`, `phone_number`) VALUES ('nwtpl', '1-319-443-8921');
INSERT INTO `Org_Phone_Number` (`abrv`, `phone_number`) VALUES ('nwtpl', '1-777-502-9379');
INSERT INTO `Org_Phone_Number` (`abrv`, `phone_number`) VALUES ('nwtpl', '129-226-9529x0');
INSERT INTO `Org_Phone_Number` (`abrv`, `phone_number`) VALUES ('nwtpl', '430.886.3027x8');
INSERT INTO `Org_Phone_Number` (`abrv`, `phone_number`) VALUES ('ofelj', '1-156-398-8280');
INSERT INTO `Org_Phone_Number` (`abrv`, `phone_number`) VALUES ('ofelj', '266-947-6547');
INSERT INTO `Org_Phone_Number` (`abrv`, `phone_number`) VALUES ('ofelj', '882-044-1742');
INSERT INTO `Org_Phone_Number` (`abrv`, `phone_number`) VALUES ('ottej', '(512)222-5408x');
INSERT INTO `Org_Phone_Number` (`abrv`, `phone_number`) VALUES ('ottej', '+91(9)26217055');
INSERT INTO `Org_Phone_Number` (`abrv`, `phone_number`) VALUES ('ottej', '1-864-629-3336');
INSERT INTO `Org_Phone_Number` (`abrv`, `phone_number`) VALUES ('ottej', '221-579-0157');
INSERT INTO `Org_Phone_Number` (`abrv`, `phone_number`) VALUES ('ottej', '358-187-0795x0');
INSERT INTO `Org_Phone_Number` (`abrv`, `phone_number`) VALUES ('ottej', '417.490.9839');
INSERT INTO `Org_Phone_Number` (`abrv`, `phone_number`) VALUES ('paeaq', '(178)427-9258');
INSERT INTO `Org_Phone_Number` (`abrv`, `phone_number`) VALUES ('paeaq', '00454247921');
INSERT INTO `Org_Phone_Number` (`abrv`, `phone_number`) VALUES ('paeaq', '1-512-949-0545');
INSERT INTO `Org_Phone_Number` (`abrv`, `phone_number`) VALUES ('paeaq', '188.860.5198');
INSERT INTO `Org_Phone_Number` (`abrv`, `phone_number`) VALUES ('paeaq', '540.408.3747');
INSERT INTO `Org_Phone_Number` (`abrv`, `phone_number`) VALUES ('piftj', '(217)185-9004x');
INSERT INTO `Org_Phone_Number` (`abrv`, `phone_number`) VALUES ('piftj', '1-149-940-3416');
INSERT INTO `Org_Phone_Number` (`abrv`, `phone_number`) VALUES ('piftj', '214.042.8883x3');
INSERT INTO `Org_Phone_Number` (`abrv`, `phone_number`) VALUES ('piftj', '624.334.0899');
INSERT INTO `Org_Phone_Number` (`abrv`, `phone_number`) VALUES ('pmtic', '1-160-684-1848');
INSERT INTO `Org_Phone_Number` (`abrv`, `phone_number`) VALUES ('pmtic', '447-184-2610x8');
INSERT INTO `Org_Phone_Number` (`abrv`, `phone_number`) VALUES ('pmtic', '504.949.7644x7');
INSERT INTO `Org_Phone_Number` (`abrv`, `phone_number`) VALUES ('pqmuw', '1-044-314-6183');
INSERT INTO `Org_Phone_Number` (`abrv`, `phone_number`) VALUES ('pqmuw', '1-122-159-2427');
INSERT INTO `Org_Phone_Number` (`abrv`, `phone_number`) VALUES ('pqmuw', '787-477-2581x2');
INSERT INTO `Org_Phone_Number` (`abrv`, `phone_number`) VALUES ('prcoy', '(661)071-0601');
INSERT INTO `Org_Phone_Number` (`abrv`, `phone_number`) VALUES ('prcoy', '(932)003-6991');
INSERT INTO `Org_Phone_Number` (`abrv`, `phone_number`) VALUES ('prcoy', '09248351555');
INSERT INTO `Org_Phone_Number` (`abrv`, `phone_number`) VALUES ('prcoy', '1-130-262-3496');
INSERT INTO `Org_Phone_Number` (`abrv`, `phone_number`) VALUES ('prcoy', '1-224-231-0730');
INSERT INTO `Org_Phone_Number` (`abrv`, `phone_number`) VALUES ('qssaq', '02351338572');
INSERT INTO `Org_Phone_Number` (`abrv`, `phone_number`) VALUES ('qssaq', '03931106919');
INSERT INTO `Org_Phone_Number` (`abrv`, `phone_number`) VALUES ('rbjsh', '(547)250-9946x');
INSERT INTO `Org_Phone_Number` (`abrv`, `phone_number`) VALUES ('rbjsh', '+38(3)50462926');
INSERT INTO `Org_Phone_Number` (`abrv`, `phone_number`) VALUES ('rbjsh', '1-357-208-2118');
INSERT INTO `Org_Phone_Number` (`abrv`, `phone_number`) VALUES ('rbjsh', '1-623-990-5787');
INSERT INTO `Org_Phone_Number` (`abrv`, `phone_number`) VALUES ('rbjsh', '605.492.5852');
INSERT INTO `Org_Phone_Number` (`abrv`, `phone_number`) VALUES ('vbtbk', '(007)190-9629x');
INSERT INTO `Org_Phone_Number` (`abrv`, `phone_number`) VALUES ('vbtbk', '(753)688-4930x');
INSERT INTO `Org_Phone_Number` (`abrv`, `phone_number`) VALUES ('vbtbk', '(843)888-7470x');
INSERT INTO `Org_Phone_Number` (`abrv`, `phone_number`) VALUES ('vbtbk', '(854)341-4730x');
INSERT INTO `Org_Phone_Number` (`abrv`, `phone_number`) VALUES ('vbtbk', '+80(2)77085595');
INSERT INTO `Org_Phone_Number` (`abrv`, `phone_number`) VALUES ('vbtbk', '03331289001');
INSERT INTO `Org_Phone_Number` (`abrv`, `phone_number`) VALUES ('vbtbk', '1-044-793-3829');
INSERT INTO `Org_Phone_Number` (`abrv`, `phone_number`) VALUES ('vbtbk', '926.378.0611');
INSERT INTO `Org_Phone_Number` (`abrv`, `phone_number`) VALUES ('vipwl', '(344)678-4135x');
INSERT INTO `Org_Phone_Number` (`abrv`, `phone_number`) VALUES ('vipwl', '(784)343-0987');
INSERT INTO `Org_Phone_Number` (`abrv`, `phone_number`) VALUES ('vipwl', '09842722893');
INSERT INTO `Org_Phone_Number` (`abrv`, `phone_number`) VALUES ('vipwl', '1-338-304-5641');
INSERT INTO `Org_Phone_Number` (`abrv`, `phone_number`) VALUES ('vipwl', '122-386-3402x2');
INSERT INTO `Org_Phone_Number` (`abrv`, `phone_number`) VALUES ('vipwl', '386-359-0132');
INSERT INTO `Org_Phone_Number` (`abrv`, `phone_number`) VALUES ('vipwl', '784.955.0165');
INSERT INTO `Org_Phone_Number` (`abrv`, `phone_number`) VALUES ('vipwl', '901.259.3002x0');
INSERT INTO `Org_Phone_Number` (`abrv`, `phone_number`) VALUES ('vipwl', '930-086-9298');
INSERT INTO `Org_Phone_Number` (`abrv`, `phone_number`) VALUES ('wfemi', '002-714-8166x0');
INSERT INTO `Org_Phone_Number` (`abrv`, `phone_number`) VALUES ('wfemi', '06314424327');
INSERT INTO `Org_Phone_Number` (`abrv`, `phone_number`) VALUES ('wfemi', '1-315-467-0328');
INSERT INTO `Org_Phone_Number` (`abrv`, `phone_number`) VALUES ('wfemi', '1-961-778-2082');
INSERT INTO `Org_Phone_Number` (`abrv`, `phone_number`) VALUES ('wfemi', '225.939.5901');
INSERT INTO `Org_Phone_Number` (`abrv`, `phone_number`) VALUES ('wfemi', '335.394.9639x8');
INSERT INTO `Org_Phone_Number` (`abrv`, `phone_number`) VALUES ('wkcdg', '(814)500-8882');
INSERT INTO `Org_Phone_Number` (`abrv`, `phone_number`) VALUES ('wkcdg', '(828)066-8483');
INSERT INTO `Org_Phone_Number` (`abrv`, `phone_number`) VALUES ('wkcdg', '+99(6)62972876');
INSERT INTO `Org_Phone_Number` (`abrv`, `phone_number`) VALUES ('wkcdg', '1-000-039-9168');
INSERT INTO `Org_Phone_Number` (`abrv`, `phone_number`) VALUES ('wkcdg', '1-318-983-8649');
INSERT INTO `Org_Phone_Number` (`abrv`, `phone_number`) VALUES ('wkcdg', '1-447-820-7528');
INSERT INTO `Org_Phone_Number` (`abrv`, `phone_number`) VALUES ('wkcdg', '152.200.3934x9');
INSERT INTO `Org_Phone_Number` (`abrv`, `phone_number`) VALUES ('wkcdg', '393-823-7015x2');
INSERT INTO `Org_Phone_Number` (`abrv`, `phone_number`) VALUES ('wkcdg', '606.317.3164x2');
INSERT INTO `Org_Phone_Number` (`abrv`, `phone_number`) VALUES ('wkcdg', '705-311-3123');
INSERT INTO `Org_Phone_Number` (`abrv`, `phone_number`) VALUES ('wqkaa', '(668)252-1067x');
INSERT INTO `Org_Phone_Number` (`abrv`, `phone_number`) VALUES ('wqkaa', '(771)699-6632x');
INSERT INTO `Org_Phone_Number` (`abrv`, `phone_number`) VALUES ('wqkaa', '+94(2)59994395');
INSERT INTO `Org_Phone_Number` (`abrv`, `phone_number`) VALUES ('wqkaa', '02960343323');
INSERT INTO `Org_Phone_Number` (`abrv`, `phone_number`) VALUES ('wqkaa', '1-326-297-3623');
INSERT INTO `Org_Phone_Number` (`abrv`, `phone_number`) VALUES ('wqkaa', '551-388-7422x9');
INSERT INTO `Org_Phone_Number` (`abrv`, `phone_number`) VALUES ('wqkaa', '924-851-8892x7');
INSERT INTO `Org_Phone_Number` (`abrv`, `phone_number`) VALUES ('xjumd', '(187)095-3643x');
INSERT INTO `Org_Phone_Number` (`abrv`, `phone_number`) VALUES ('xjumd', '(932)820-4421x');
INSERT INTO `Org_Phone_Number` (`abrv`, `phone_number`) VALUES ('xjumd', '101-023-5990x2');
INSERT INTO `Org_Phone_Number` (`abrv`, `phone_number`) VALUES ('xjumd', '472.252.4820x4');
INSERT INTO `Org_Phone_Number` (`abrv`, `phone_number`) VALUES ('yaymk', '(426)109-1719x');
INSERT INTO `Org_Phone_Number` (`abrv`, `phone_number`) VALUES ('yaymk', '(778)314-1813x');
INSERT INTO `Org_Phone_Number` (`abrv`, `phone_number`) VALUES ('yaymk', '(996)047-8963x');
INSERT INTO `Org_Phone_Number` (`abrv`, `phone_number`) VALUES ('yaymk', '+31(6)08457243');
INSERT INTO `Org_Phone_Number` (`abrv`, `phone_number`) VALUES ('yaymk', '+95(9)04286797');
INSERT INTO `Org_Phone_Number` (`abrv`, `phone_number`) VALUES ('yaymk', '01528772392');
INSERT INTO `Org_Phone_Number` (`abrv`, `phone_number`) VALUES ('yaymk', '1-824-313-8321');
INSERT INTO `Org_Phone_Number` (`abrv`, `phone_number`) VALUES ('ynhgv', '(711)368-4467');
INSERT INTO `Org_Phone_Number` (`abrv`, `phone_number`) VALUES ('ynhgv', '1-818-756-2487');
INSERT INTO `Org_Phone_Number` (`abrv`, `phone_number`) VALUES ('ynhgv', '565.827.0016');
INSERT INTO `Org_Phone_Number` (`abrv`, `phone_number`) VALUES ('ywemr', '(370)399-2891x');
INSERT INTO `Org_Phone_Number` (`abrv`, `phone_number`) VALUES ('ywemr', '092.994.6216x5');
INSERT INTO `Org_Phone_Number` (`abrv`, `phone_number`) VALUES ('ywemr', '1-049-760-6545');
INSERT INTO `Org_Phone_Number` (`abrv`, `phone_number`) VALUES ('ywemr', '1-130-777-4620');
INSERT INTO `Org_Phone_Number` (`abrv`, `phone_number`) VALUES ('ywemr', '1-790-629-4484');
INSERT INTO `Org_Phone_Number` (`abrv`, `phone_number`) VALUES ('ywemr', '668-724-5319x8');
INSERT INTO `Org_Phone_Number` (`abrv`, `phone_number`) VALUES ('ywemr', '928-467-4383x4');
INSERT INTO `Deliverable` (`e_id`, `title`, `summary`, `date_due`) VALUES (501, 'engage mission-critical users', 'Alice. \'It goes on, you know,\' said the March Hare, who had followed him into the air off all its feet at the top of her or of anything to say, she simply bowed, and took the watch and looked at.', '2021-07-04');
INSERT INTO `Deliverable` (`e_id`, `title`, `summary`, `date_due`) VALUES (502, 'monetize sticky technologies', 'Alice whispered to the Queen. \'Never!\' said the Mock Turtle: \'why, if a fish came to the Dormouse, not choosing to notice this last remark, \'it\'s a vegetable. It doesn\'t look like it?\' he said, \'on.', '2022-03-18');
INSERT INTO `Deliverable` (`e_id`, `title`, `summary`, `date_due`) VALUES (503, 'whiteboard 24/365 initiatives', 'I\'m NOT a serpent, I tell you, you coward!\' and at last she spread out her hand, and made believe to worry it; then Alice put down the chimney?--Nay, I shan\'t! YOU do it!--That I won\'t,.', '2022-03-25');
INSERT INTO `Deliverable` (`e_id`, `title`, `summary`, `date_due`) VALUES (504, 'recontextualize open-source deliverables', 'By the time they were nice grand words to say.) Presently she began again. \'I wonder what CAN have happened to you? Tell us all about as curious as it went, \'One side of WHAT?\' thought Alice; but.', '2021-07-17');
INSERT INTO `Deliverable` (`e_id`, `title`, `summary`, `date_due`) VALUES (505, 'streamline intuitive users', 'Majesty,\' he began. \'You\'re a very difficult question. However, at last she stretched her arms round it as to go on till you come and join the dance. \'\"What matters it how far we go?\" his scaly.', '2023-07-14');
INSERT INTO `Deliverable` (`e_id`, `title`, `summary`, `date_due`) VALUES (506, 'repurpose plug-and-play partnerships', 'I don\'t remember where.\' \'Well, it must be kind to them,\' thought Alice, \'shall I NEVER get any older than I am now? That\'ll be a great deal of thought, and it put more simply--\"Never imagine.', '2021-11-04');
INSERT INTO `Deliverable` (`e_id`, `title`, `summary`, `date_due`) VALUES (507, 'envisioneer cutting-edge communities', 'FIT--\" you never had fits, my dear, YOU must cross-examine the next moment she felt unhappy. \'It was the first figure,\' said the Mock Turtle drew a long and a Long Tale They were just beginning to.', '2022-01-06');
INSERT INTO `Deliverable` (`e_id`, `title`, `summary`, `date_due`) VALUES (508, 'productize collaborative e-markets', 'Alice as he spoke. \'A cat may look at it!\' This speech caused a remarkable sensation among the trees, a little hot tea upon its nose. The Dormouse again took a minute or two. \'They couldn\'t have.', '2021-09-08');
INSERT INTO `Deliverable` (`e_id`, `title`, `summary`, `date_due`) VALUES (509, 'aggregate virtual users', 'I get it home?\' when it saw Alice. It looked good-natured, she thought: still it had VERY long claws and a great crash, as if he were trying to make it stop. \'Well, I\'d hardly finished the.', '2022-03-15');
INSERT INTO `Deliverable` (`e_id`, `title`, `summary`, `date_due`) VALUES (510, 'whiteboard granular experiences', 'Alice thought she had drunk half the bottle, she found she could not possibly reach it: she could even make out what it might end, you know,\' Alice gently remarked; \'they\'d have been changed several.', '2021-08-22');
INSERT INTO `Deliverable` (`e_id`, `title`, `summary`, `date_due`) VALUES (511, 'innovate granular platforms', 'Mock Turtle yawned and shut his eyes.--\'Tell her about the whiting!\' \'Oh, as to prevent its undoing itself,) she carried it out to her that she was small enough to try the thing yourself, some.', '2021-07-11');
INSERT INTO `Deliverable` (`e_id`, `title`, `summary`, `date_due`) VALUES (512, 'exploit best-of-breed markets', 'She soon got it out to be seen: she found that her neck would bend about easily in any direction, like a sky-rocket!\' \'So you think you could manage it?) \'And what are YOUR shoes done with?\' said.', '2022-01-07');
INSERT INTO `Deliverable` (`e_id`, `title`, `summary`, `date_due`) VALUES (513, 'utilize enterprise infrastructures', 'Pennyworth only of beautiful Soup? Beau--ootiful Soo--oop! Soo--oop of the other side of the Lizard\'s slate-pencil, and the Hatter was the first minute or two, and the second time round, she came in.', '2021-06-09');
INSERT INTO `Deliverable` (`e_id`, `title`, `summary`, `date_due`) VALUES (514, 'architect extensible applications', 'Let me see: I\'ll give them a new kind of authority among them, called out, \'First witness!\' The first question of course was, how to begin.\' For, you see, as they lay sprawling about, reminding her.', '2022-01-05');
INSERT INTO `Deliverable` (`e_id`, `title`, `summary`, `date_due`) VALUES (515, 'enhance dynamic content', 'Alice; \'all I know is, it would be like, but it did not see anything that had made her draw back in their mouths; and the game was going to be, from one minute to another! However, I\'ve got to the.', '2021-08-03');
INSERT INTO `Deliverable` (`e_id`, `title`, `summary`, `date_due`) VALUES (516, 'enable interactive vortals', 'Alice was only sobbing,\' she thought, \'and hand round the neck of the baby?\' said the Mouse. \'Of course,\' the Dodo could not possibly reach it: she could get to the Duchess: \'what a clear way you.', '2022-05-19');
INSERT INTO `Deliverable` (`e_id`, `title`, `summary`, `date_due`) VALUES (517, 'drive cutting-edge synergies', 'Tale They were just beginning to write with one eye; but to get an opportunity of taking it away. She did not venture to say \'Drink me,\' but the wise little Alice was not here before,\' said the.', '2022-03-08');
INSERT INTO `Deliverable` (`e_id`, `title`, `summary`, `date_due`) VALUES (519, 'transition B2B platforms', 'Alice said to herself as she went back to the general conclusion, that wherever you go to on the whole pack of cards: the Knave was standing before them, in chains, with a round face, and large eyes.', '2021-10-03');
INSERT INTO `Deliverable` (`e_id`, `title`, `summary`, `date_due`) VALUES (520, 'brand distributed bandwidth', 'King said to a mouse: she had drunk half the bottle, saying to her usual height. It was the first minute or two. \'They couldn\'t have wanted it much,\' said Alice; \'living at the March Hare said to.', '2021-09-23');
INSERT INTO `Deliverable` (`e_id`, `title`, `summary`, `date_due`) VALUES (521, 'transform robust partnerships', 'WAS a narrow escape!\' said Alice, who felt ready to sink into the garden. Then she went on in a low voice. \'Not at first, the two sides of the miserable Mock Turtle. So she went to the door, and the.', '2022-01-11');
INSERT INTO `Deliverable` (`e_id`, `title`, `summary`, `date_due`) VALUES (523, 'visualize 24/7 vortals', 'Alice, (she had grown up,\' she said to herself. At this moment Alice felt that she wanted to send the hedgehog a blow with its arms folded, frowning like a Jack-in-the-box, and up I goes like a.', '2021-12-31');
INSERT INTO `Deliverable` (`e_id`, `title`, `summary`, `date_due`) VALUES (524, 'incubate e-business solutions', 'Queen put on one knee as he spoke, and the other side will make you grow shorter.\' \'One side will make you dry enough!\' They all made a snatch in the shade: however, the moment she felt that this.', '2021-08-26');
INSERT INTO `Deliverable` (`e_id`, `title`, `summary`, `date_due`) VALUES (525, 'repurpose holistic synergies', 'Alice. \'I\'ve read that in some book, but I can\'t remember,\' said the Mock Turtle said: \'no wise fish would go round a deal faster than it does.\' \'Which would NOT be an old crab, HE was.\' \'I never.', '2021-06-17');
INSERT INTO `Deliverable` (`e_id`, `title`, `summary`, `date_due`) VALUES (526, 'synergize revolutionary paradigms', 'I was, I shouldn\'t want YOURS: I don\'t keep the same thing with you,\' said Alice, quite forgetting that she had hurt the poor little thing was snorting like a mouse, you know. But do cats eat bats?\'.', '2022-01-29');
INSERT INTO `Deliverable` (`e_id`, `title`, `summary`, `date_due`) VALUES (529, 'maximize wireless platforms', 'Nobody moved. \'Who cares for fish, Game, or any other dish? Who would not open any of them. \'I\'m sure I\'m not looking for it, she found herself falling down a jar from one foot to the shore. CHAPTER.', '2022-02-10');
INSERT INTO `Deliverable` (`e_id`, `title`, `summary`, `date_due`) VALUES (531, 'optimize seamless communities', 'Alice. \'Nothing,\' said Alice. \'Come on, then!\' roared the Queen, the royal children, and make one repeat lessons!\' thought Alice; \'I must be really offended. \'We won\'t talk about wasting IT. It\'s.', '2022-05-19');
INSERT INTO `Deliverable` (`e_id`, `title`, `summary`, `date_due`) VALUES (533, 'optimize B2C convergence', 'I am in the air. Even the Duchess was VERY ugly; and secondly, because she was dozing off, and Alice joined the procession, wondering very much at this, but at any rate, the Dormouse denied nothing,.', '2021-06-07');
INSERT INTO `Deliverable` (`e_id`, `title`, `summary`, `date_due`) VALUES (535, 'embrace enterprise niches', 'As she said this, she came upon a heap of sticks and dry leaves, and the little door, had vanished completely. Very soon the Rabbit coming to look for her, and said, \'It WAS a narrow escape!\' said.', '2022-04-29');
INSERT INTO `Deliverable` (`e_id`, `title`, `summary`, `date_due`) VALUES (537, 'transition best-of-breed methodologies', 'Duchess, \'and that\'s why. Pig!\' She said this last remark. \'Of course not,\' said Alice to herself, \'if one only knew the right size again; and the roof of the party went back for a minute, trying to.', '2021-09-19');
INSERT INTO `Deliverable` (`e_id`, `title`, `summary`, `date_due`) VALUES (538, 'architect viral content', 'Mock Turtle. \'She can\'t explain it,\' said Alice. \'What IS a Caucus-race?\' said Alice; \'you needn\'t be afraid of them!\' \'And who are THESE?\' said the Queen. \'Their heads are gone, if it had VERY long.', '2021-12-29');
INSERT INTO `Deliverable` (`e_id`, `title`, `summary`, `date_due`) VALUES (540, 'disintermediate 24/365 partnerships', 'Dodo solemnly, rising to its children, \'Come away, my dears! It\'s high time you were never even spoke to Time!\' \'Perhaps not,\' Alice replied in an impatient tone: \'explanations take such a pleasant.', '2021-09-25');
INSERT INTO `Deliverable` (`e_id`, `title`, `summary`, `date_due`) VALUES (541, 'e-enable magnetic experiences', 'Alice, \'and why it is right?\' \'In my youth,\' Father William replied to his ear. Alice considered a little, and then they wouldn\'t be in a loud, indignant voice, but she was walking hand in hand with.', '2021-09-29');
INSERT INTO `Deliverable` (`e_id`, `title`, `summary`, `date_due`) VALUES (542, 'iterate bleeding-edge synergies', 'King exclaimed, turning to Alice again. \'No, I didn\'t,\' said Alice: \'three inches is such a thing before, but she added, to herself, \'if one only knew the right height to rest herself, and shouted.', '2022-04-23');
INSERT INTO `Deliverable` (`e_id`, `title`, `summary`, `date_due`) VALUES (545, 'disintermediate enterprise paradigms', 'As she said to herself, \'to be going messages for a minute, trying to fix on one, the cook took the hookah out of the thing at all. However, \'jury-men\' would have made a dreadfully ugly child: but.', '2021-12-02');
INSERT INTO `Deliverable` (`e_id`, `title`, `summary`, `date_due`) VALUES (546, 'whiteboard B2B platforms', 'Alice had learnt several things of this elegant thimble\'; and, when it grunted again, so that her neck would bend about easily in any direction, like a stalk out of its mouth, and addressed her in.', '2022-04-09');
INSERT INTO `Deliverable` (`e_id`, `title`, `summary`, `date_due`) VALUES (547, 'generate user-centric ROI', 'I think?\' he said do. Alice looked very uncomfortable. The first question of course was, how to set them free, Exactly as we were. My notion was that it signifies much,\' she said to the waving of.', '2021-07-01');
INSERT INTO `Deliverable` (`e_id`, `title`, `summary`, `date_due`) VALUES (549, 'redefine cutting-edge vortals', 'The soldiers were silent, and looked at it, busily painting them red. Alice thought decidedly uncivil. \'But perhaps it was growing, and she sat still and said to herself; \'the March Hare had just.', '2022-05-11');
INSERT INTO `Deliverable` (`e_id`, `title`, `summary`, `date_due`) VALUES (552, 'brand rich models', 'I\'M a Duchess,\' she said to herself, \'if one only knew the name of the sea.\' \'I couldn\'t afford to learn it.\' said the King; \'and don\'t look at them--\'I wish they\'d get the trial one way of nursing.', '2022-04-04');
INSERT INTO `Deliverable` (`e_id`, `title`, `summary`, `date_due`) VALUES (553, 'unleash collaborative webservices', 'Gryphon replied rather impatiently: \'any shrimp could have told you that.\' \'If I\'d been the whiting,\' said the Gryphon: and Alice thought she had been anything near the door, and the whole court was.', '2022-01-09');
INSERT INTO `Deliverable` (`e_id`, `title`, `summary`, `date_due`) VALUES (555, 'expedite robust e-business', 'Duchess, the Duchess! Oh! won\'t she be savage if I\'ve kept her eyes anxiously fixed on it, and then the Rabbit\'s voice; and the party sat silent and looked at Alice, and sighing. \'It IS a.', '2022-01-17');
INSERT INTO `Deliverable` (`e_id`, `title`, `summary`, `date_due`) VALUES (560, 'unleash global initiatives', 'TWO little shrieks, and more puzzled, but she thought it would not allow without knowing how old it was, even before she came upon a little faster?\" said a sleepy voice behind her. \'Collar that.', '2022-04-21');
INSERT INTO `Deliverable` (`e_id`, `title`, `summary`, `date_due`) VALUES (562, 'target mission-critical e-services', 'Gryphon. \'The reason is,\' said the Mock Turtle. \'Seals, turtles, salmon, and so on.\' \'What a funny watch!\' she remarked. \'There isn\'t any,\' said the Footman. \'That\'s the first verse,\' said the Mock.', '2021-08-08');
INSERT INTO `Deliverable` (`e_id`, `title`, `summary`, `date_due`) VALUES (563, 'seize e-business ROI', 'Queen said to herself, and fanned herself with one finger for the moment she quite forgot you didn\'t like cats.\' \'Not like cats!\' cried the Mock Turtle replied in an offended tone. And she opened.', '2022-05-19');
INSERT INTO `Deliverable` (`e_id`, `title`, `summary`, `date_due`) VALUES (564, 'disintermediate 24/7 content', 'I\'m a hatter.\' Here the other end of your flamingo. Shall I try the first witness,\' said the March Hare interrupted, yawning. \'I\'m getting tired of swimming about here, O Mouse!\' (Alice thought this.', '2021-09-24');
INSERT INTO `Deliverable` (`e_id`, `title`, `summary`, `date_due`) VALUES (572, 'synthesize real-time e-services', 'I was thinking I should like to be told so. \'It\'s really dreadful,\' she muttered to herself, as she tucked it away under her arm, with its arms and legs in all directions, tumbling up against each.', '2022-03-06');
INSERT INTO `Deliverable` (`e_id`, `title`, `summary`, `date_due`) VALUES (573, 'repurpose integrated portals', 'Alice didn\'t think that there was mouth enough for it now, I suppose, by being drowned in my own tears! That WILL be a grin, and she trembled till she got used to say \"HOW DOTH THE LITTLE BUSY BEE,\".', '2022-03-04');
INSERT INTO `Deliverable` (`e_id`, `title`, `summary`, `date_due`) VALUES (576, 'utilize cross-platform channels', 'Alice would not open any of them. \'I\'m sure those are not the right size to do so. \'Shall we try another figure of the singers in the window, and on both sides of the Shark, But, when the Rabbit.', '2021-08-03');
INSERT INTO `Deliverable` (`e_id`, `title`, `summary`, `date_due`) VALUES (579, 'enhance wireless deliverables', 'For instance, suppose it doesn\'t matter a bit,\' she thought it over afterwards, it occurred to her usual height. It was as steady as ever; Yet you turned a corner, \'Oh my ears and the Mock Turtle.', '2022-02-04');
INSERT INTO `Deliverable` (`e_id`, `title`, `summary`, `date_due`) VALUES (582, 'extend sexy markets', 'But the snail replied \"Too far, too far!\" and gave a sudden burst of tears, until there was enough of it now in sight, hurrying down it. There was no time to wash the things I used to call him.', '2021-11-27');
INSERT INTO `Deliverable` (`e_id`, `title`, `summary`, `date_due`) VALUES (587, 'architect innovative e-markets', 'French lesson-book. The Mouse did not look at the great hall, with the words have got in as well,\' the Hatter added as an unusually large saucepan flew close by it, and then at the time they were.', '2021-07-17');


INSERT INTO `Research_Field` (`Name`) VALUES ('balistreri');
INSERT INTO `Research_Field` (`Name`) VALUES ('daviswilderman');
INSERT INTO `Research_Field` (`Name`) VALUES ('green');
INSERT INTO `Research_Field` (`Name`) VALUES ('paucek');
INSERT INTO `Research_Field` (`Name`) VALUES ('runolfsson');
INSERT INTO `Research_Field` (`Name`) VALUES ('schummabernathy');
INSERT INTO `Research_Field` (`Name`) VALUES ('stark');
INSERT INTO `Research_Field` (`Name`) VALUES ('wardkreiger');
INSERT INTO `Research_Field` (`Name`) VALUES ('white');
INSERT INTO `Research_Field` (`Name`) VALUES ('wolff');

INSERT INTO `Part_Of` (`e_id`, `Name`) VALUES (501, 'balistreri');
INSERT INTO `Part_Of` (`e_id`, `Name`) VALUES (501, 'runolfsson');
INSERT INTO `Part_Of` (`e_id`, `Name`) VALUES (501, 'stark');
INSERT INTO `Part_Of` (`e_id`, `Name`) VALUES (502, 'runolfsson');
INSERT INTO `Part_Of` (`e_id`, `Name`) VALUES (502, 'schummabernathy');
INSERT INTO `Part_Of` (`e_id`, `Name`) VALUES (502, 'white');
INSERT INTO `Part_Of` (`e_id`, `Name`) VALUES (503, 'balistreri');
INSERT INTO `Part_Of` (`e_id`, `Name`) VALUES (503, 'runolfsson');
INSERT INTO `Part_Of` (`e_id`, `Name`) VALUES (504, 'green');
INSERT INTO `Part_Of` (`e_id`, `Name`) VALUES (504, 'runolfsson');
INSERT INTO `Part_Of` (`e_id`, `Name`) VALUES (504, 'stark');
INSERT INTO `Part_Of` (`e_id`, `Name`) VALUES (505, 'balistreri');
INSERT INTO `Part_Of` (`e_id`, `Name`) VALUES (506, 'balistreri');
INSERT INTO `Part_Of` (`e_id`, `Name`) VALUES (506, 'stark');
INSERT INTO `Part_Of` (`e_id`, `Name`) VALUES (506, 'wardkreiger');
INSERT INTO `Part_Of` (`e_id`, `Name`) VALUES (507, 'schummabernathy');
INSERT INTO `Part_Of` (`e_id`, `Name`) VALUES (508, 'runolfsson');
INSERT INTO `Part_Of` (`e_id`, `Name`) VALUES (508, 'stark');
INSERT INTO `Part_Of` (`e_id`, `Name`) VALUES (508, 'white');
INSERT INTO `Part_Of` (`e_id`, `Name`) VALUES (509, 'daviswilderman');
INSERT INTO `Part_Of` (`e_id`, `Name`) VALUES (509, 'paucek');
INSERT INTO `Part_Of` (`e_id`, `Name`) VALUES (509, 'wolff');
INSERT INTO `Part_Of` (`e_id`, `Name`) VALUES (510, 'balistreri');
INSERT INTO `Part_Of` (`e_id`, `Name`) VALUES (510, 'daviswilderman');
INSERT INTO `Part_Of` (`e_id`, `Name`) VALUES (510, 'schummabernathy');
INSERT INTO `Part_Of` (`e_id`, `Name`) VALUES (511, 'balistreri');
INSERT INTO `Part_Of` (`e_id`, `Name`) VALUES (511, 'green');
INSERT INTO `Part_Of` (`e_id`, `Name`) VALUES (511, 'schummabernathy');
INSERT INTO `Part_Of` (`e_id`, `Name`) VALUES (512, 'balistreri');
INSERT INTO `Part_Of` (`e_id`, `Name`) VALUES (512, 'paucek');
INSERT INTO `Part_Of` (`e_id`, `Name`) VALUES (512, 'runolfsson');
INSERT INTO `Part_Of` (`e_id`, `Name`) VALUES (513, 'daviswilderman');
INSERT INTO `Part_Of` (`e_id`, `Name`) VALUES (513, 'green');
INSERT INTO `Part_Of` (`e_id`, `Name`) VALUES (513, 'white');
INSERT INTO `Part_Of` (`e_id`, `Name`) VALUES (514, 'daviswilderman');
INSERT INTO `Part_Of` (`e_id`, `Name`) VALUES (514, 'green');
INSERT INTO `Part_Of` (`e_id`, `Name`) VALUES (514, 'white');
INSERT INTO `Part_Of` (`e_id`, `Name`) VALUES (515, 'green');
INSERT INTO `Part_Of` (`e_id`, `Name`) VALUES (515, 'runolfsson');
INSERT INTO `Part_Of` (`e_id`, `Name`) VALUES (515, 'white');
INSERT INTO `Part_Of` (`e_id`, `Name`) VALUES (516, 'balistreri');
INSERT INTO `Part_Of` (`e_id`, `Name`) VALUES (516, 'paucek');
INSERT INTO `Part_Of` (`e_id`, `Name`) VALUES (516, 'wolff');
INSERT INTO `Part_Of` (`e_id`, `Name`) VALUES (517, 'daviswilderman');
INSERT INTO `Part_Of` (`e_id`, `Name`) VALUES (517, 'runolfsson');
INSERT INTO `Part_Of` (`e_id`, `Name`) VALUES (517, 'stark');
INSERT INTO `Part_Of` (`e_id`, `Name`) VALUES (519, 'runolfsson');
INSERT INTO `Part_Of` (`e_id`, `Name`) VALUES (519, 'schummabernathy');
INSERT INTO `Part_Of` (`e_id`, `Name`) VALUES (519, 'wolff');
INSERT INTO `Part_Of` (`e_id`, `Name`) VALUES (520, 'runolfsson');
INSERT INTO `Part_Of` (`e_id`, `Name`) VALUES (520, 'wolff');
INSERT INTO `Part_Of` (`e_id`, `Name`) VALUES (521, 'daviswilderman');
INSERT INTO `Part_Of` (`e_id`, `Name`) VALUES (521, 'stark');
INSERT INTO `Part_Of` (`e_id`, `Name`) VALUES (521, 'wardkreiger');
INSERT INTO `Part_Of` (`e_id`, `Name`) VALUES (523, 'balistreri');
INSERT INTO `Part_Of` (`e_id`, `Name`) VALUES (523, 'green');
INSERT INTO `Part_Of` (`e_id`, `Name`) VALUES (523, 'wardkreiger');
INSERT INTO `Part_Of` (`e_id`, `Name`) VALUES (524, 'daviswilderman');
INSERT INTO `Part_Of` (`e_id`, `Name`) VALUES (524, 'green');
INSERT INTO `Part_Of` (`e_id`, `Name`) VALUES (524, 'runolfsson');
INSERT INTO `Part_Of` (`e_id`, `Name`) VALUES (525, 'schummabernathy');
INSERT INTO `Part_Of` (`e_id`, `Name`) VALUES (525, 'white');
INSERT INTO `Part_Of` (`e_id`, `Name`) VALUES (526, 'green');
INSERT INTO `Part_Of` (`e_id`, `Name`) VALUES (526, 'schummabernathy');
INSERT INTO `Part_Of` (`e_id`, `Name`) VALUES (526, 'wolff');
INSERT INTO `Part_Of` (`e_id`, `Name`) VALUES (529, 'daviswilderman');
INSERT INTO `Part_Of` (`e_id`, `Name`) VALUES (529, 'green');
INSERT INTO `Part_Of` (`e_id`, `Name`) VALUES (531, 'stark');
INSERT INTO `Part_Of` (`e_id`, `Name`) VALUES (531, 'wolff');
INSERT INTO `Part_Of` (`e_id`, `Name`) VALUES (533, 'paucek');
INSERT INTO `Part_Of` (`e_id`, `Name`) VALUES (533, 'stark');
INSERT INTO `Part_Of` (`e_id`, `Name`) VALUES (535, 'balistreri');
INSERT INTO `Part_Of` (`e_id`, `Name`) VALUES (535, 'green');
INSERT INTO `Part_Of` (`e_id`, `Name`) VALUES (535, 'white');
INSERT INTO `Part_Of` (`e_id`, `Name`) VALUES (537, 'daviswilderman');
INSERT INTO `Part_Of` (`e_id`, `Name`) VALUES (537, 'stark');
INSERT INTO `Part_Of` (`e_id`, `Name`) VALUES (537, 'wolff');
INSERT INTO `Part_Of` (`e_id`, `Name`) VALUES (538, 'runolfsson');
INSERT INTO `Part_Of` (`e_id`, `Name`) VALUES (538, 'schummabernathy');
INSERT INTO `Part_Of` (`e_id`, `Name`) VALUES (538, 'white');
INSERT INTO `Part_Of` (`e_id`, `Name`) VALUES (540, 'balistreri');
INSERT INTO `Part_Of` (`e_id`, `Name`) VALUES (540, 'daviswilderman');
INSERT INTO `Part_Of` (`e_id`, `Name`) VALUES (540, 'stark');
INSERT INTO `Part_Of` (`e_id`, `Name`) VALUES (541, 'balistreri');
INSERT INTO `Part_Of` (`e_id`, `Name`) VALUES (541, 'green');
INSERT INTO `Part_Of` (`e_id`, `Name`) VALUES (541, 'schummabernathy');
INSERT INTO `Part_Of` (`e_id`, `Name`) VALUES (542, 'green');
INSERT INTO `Part_Of` (`e_id`, `Name`) VALUES (542, 'paucek');
INSERT INTO `Part_Of` (`e_id`, `Name`) VALUES (542, 'wolff');
INSERT INTO `Part_Of` (`e_id`, `Name`) VALUES (545, 'schummabernathy');
INSERT INTO `Part_Of` (`e_id`, `Name`) VALUES (545, 'stark');
INSERT INTO `Part_Of` (`e_id`, `Name`) VALUES (546, 'green');
INSERT INTO `Part_Of` (`e_id`, `Name`) VALUES (546, 'schummabernathy');
INSERT INTO `Part_Of` (`e_id`, `Name`) VALUES (547, 'balistreri');
INSERT INTO `Part_Of` (`e_id`, `Name`) VALUES (547, 'green');
INSERT INTO `Part_Of` (`e_id`, `Name`) VALUES (547, 'paucek');
INSERT INTO `Part_Of` (`e_id`, `Name`) VALUES (549, 'daviswilderman');
INSERT INTO `Part_Of` (`e_id`, `Name`) VALUES (549, 'paucek');
INSERT INTO `Part_Of` (`e_id`, `Name`) VALUES (549, 'stark');
INSERT INTO `Part_Of` (`e_id`, `Name`) VALUES (552, 'balistreri');
INSERT INTO `Part_Of` (`e_id`, `Name`) VALUES (552, 'daviswilderman');
INSERT INTO `Part_Of` (`e_id`, `Name`) VALUES (552, 'wardkreiger');
INSERT INTO `Part_Of` (`e_id`, `Name`) VALUES (553, 'daviswilderman');
INSERT INTO `Part_Of` (`e_id`, `Name`) VALUES (553, 'stark');
INSERT INTO `Part_Of` (`e_id`, `Name`) VALUES (553, 'wardkreiger');
INSERT INTO `Part_Of` (`e_id`, `Name`) VALUES (555, 'schummabernathy');
INSERT INTO `Part_Of` (`e_id`, `Name`) VALUES (560, 'green');
INSERT INTO `Part_Of` (`e_id`, `Name`) VALUES (560, 'wardkreiger');
INSERT INTO `Part_Of` (`e_id`, `Name`) VALUES (562, 'wardkreiger');
INSERT INTO `Part_Of` (`e_id`, `Name`) VALUES (563, 'stark');
INSERT INTO `Part_Of` (`e_id`, `Name`) VALUES (563, 'wolff');
INSERT INTO `Part_Of` (`e_id`, `Name`) VALUES (564, 'balistreri');
INSERT INTO `Part_Of` (`e_id`, `Name`) VALUES (572, 'stark');
INSERT INTO `Part_Of` (`e_id`, `Name`) VALUES (572, 'white');
INSERT INTO `Part_Of` (`e_id`, `Name`) VALUES (573, 'daviswilderman');
INSERT INTO `Part_Of` (`e_id`, `Name`) VALUES (573, 'wardkreiger');
INSERT INTO `Part_Of` (`e_id`, `Name`) VALUES (576, 'balistreri');
INSERT INTO `Part_Of` (`e_id`, `Name`) VALUES (579, 'balistreri');
INSERT INTO `Part_Of` (`e_id`, `Name`) VALUES (582, 'balistreri');
INSERT INTO `Part_Of` (`e_id`, `Name`) VALUES (582, 'green');
INSERT INTO `Part_Of` (`e_id`, `Name`) VALUES (587, 'schummabernathy');
INSERT INTO `Part_Of` (`e_id`, `Name`) VALUES (587, 'wolff');
INSERT INTO `Part_Of` (`e_id`, `Name`) VALUES (592, 'stark');
INSERT INTO `Part_Of` (`e_id`, `Name`) VALUES (592, 'wardkreiger');
INSERT INTO `Part_Of` (`e_id`, `Name`) VALUES (593, 'green');
INSERT INTO `Part_Of` (`e_id`, `Name`) VALUES (593, 'paucek');
INSERT INTO `Part_Of` (`e_id`, `Name`) VALUES (594, 'balistreri');
INSERT INTO `Part_Of` (`e_id`, `Name`) VALUES (594, 'daviswilderman');
INSERT INTO `Part_Of` (`e_id`, `Name`) VALUES (596, 'daviswilderman');
INSERT INTO `Part_Of` (`e_id`, `Name`) VALUES (596, 'schummabernathy');
INSERT INTO `Part_Of` (`e_id`, `Name`) VALUES (598, 'schummabernathy');
INSERT INTO `Part_Of` (`e_id`, `Name`) VALUES (598, 'wardkreiger');
INSERT INTO `Part_Of` (`e_id`, `Name`) VALUES (600, 'daviswilderman');
INSERT INTO `Part_Of` (`e_id`, `Name`) VALUES (600, 'paucek');
INSERT INTO `Part_Of` (`e_id`, `Name`) VALUES (606, 'schummabernathy');
INSERT INTO `Part_Of` (`e_id`, `Name`) VALUES (606, 'white');
INSERT INTO `Part_Of` (`e_id`, `Name`) VALUES (609, 'paucek');
INSERT INTO `Part_Of` (`e_id`, `Name`) VALUES (609, 'wolff');
INSERT INTO `Part_Of` (`e_id`, `Name`) VALUES (611, 'schummabernathy');
INSERT INTO `Part_Of` (`e_id`, `Name`) VALUES (611, 'wolff');
INSERT INTO `Part_Of` (`e_id`, `Name`) VALUES (613, 'stark');
INSERT INTO `Part_Of` (`e_id`, `Name`) VALUES (613, 'wardkreiger');
INSERT INTO `Part_Of` (`e_id`, `Name`) VALUES (614, 'daviswilderman');
INSERT INTO `Part_Of` (`e_id`, `Name`) VALUES (614, 'runolfsson');
INSERT INTO `Part_Of` (`e_id`, `Name`) VALUES (617, 'schummabernathy');
INSERT INTO `Part_Of` (`e_id`, `Name`) VALUES (617, 'stark');
INSERT INTO `Part_Of` (`e_id`, `Name`) VALUES (618, 'paucek');
INSERT INTO `Part_Of` (`e_id`, `Name`) VALUES (618, 'wolff');
INSERT INTO `Part_Of` (`e_id`, `Name`) VALUES (623, 'runolfsson');
INSERT INTO `Part_Of` (`e_id`, `Name`) VALUES (623, 'white');
INSERT INTO `Part_Of` (`e_id`, `Name`) VALUES (633, 'green');
INSERT INTO `Part_Of` (`e_id`, `Name`) VALUES (635, 'runolfsson');
INSERT INTO `Part_Of` (`e_id`, `Name`) VALUES (635, 'schummabernathy');
INSERT INTO `Part_Of` (`e_id`, `Name`) VALUES (639, 'daviswilderman');
INSERT INTO `Part_Of` (`e_id`, `Name`) VALUES (639, 'wardkreiger');
INSERT INTO `Part_Of` (`e_id`, `Name`) VALUES (642, 'runolfsson');
INSERT INTO `Part_Of` (`e_id`, `Name`) VALUES (642, 'stark');
INSERT INTO `Part_Of` (`e_id`, `Name`) VALUES (651, 'green');
INSERT INTO `Part_Of` (`e_id`, `Name`) VALUES (651, 'schummabernathy');
INSERT INTO `Part_Of` (`e_id`, `Name`) VALUES (658, 'paucek');
INSERT INTO `Part_Of` (`e_id`, `Name`) VALUES (658, 'runolfsson');
INSERT INTO `Part_Of` (`e_id`, `Name`) VALUES (685, 'balistreri');
INSERT INTO `Part_Of` (`e_id`, `Name`) VALUES (685, 'daviswilderman');
INSERT INTO `Part_Of` (`e_id`, `Name`) VALUES (687, 'balistreri');
INSERT INTO `Part_Of` (`e_id`, `Name`) VALUES (687, 'wardkreiger');
INSERT INTO `Part_Of` (`e_id`, `Name`) VALUES (695, 'daviswilderman');
INSERT INTO `Part_Of` (`e_id`, `Name`) VALUES (695, 'green');
INSERT INTO `Part_Of` (`e_id`, `Name`) VALUES (738, 'balistreri');
INSERT INTO `Part_Of` (`e_id`, `Name`) VALUES (738, 'stark');
INSERT INTO `Part_Of` (`e_id`, `Name`) VALUES (744, 'daviswilderman');
INSERT INTO `Part_Of` (`e_id`, `Name`) VALUES (744, 'white');
INSERT INTO `Part_Of` (`e_id`, `Name`) VALUES (751, 'daviswilderman');
INSERT INTO `Part_Of` (`e_id`, `Name`) VALUES (751, 'wardkreiger');
INSERT INTO `Part_Of` (`e_id`, `Name`) VALUES (774, 'wardkreiger');
INSERT INTO `Part_Of` (`e_id`, `Name`) VALUES (774, 'white');
INSERT INTO `Part_Of` (`e_id`, `Name`) VALUES (784, 'daviswilderman');
INSERT INTO `Part_Of` (`e_id`, `Name`) VALUES (784, 'wolff');
INSERT INTO `Part_Of` (`e_id`, `Name`) VALUES (791, 'daviswilderman');
INSERT INTO `Part_Of` (`e_id`, `Name`) VALUES (791, 'wardkreiger');
INSERT INTO `Part_Of` (`e_id`, `Name`) VALUES (805, 'daviswilderman');
INSERT INTO `Part_Of` (`e_id`, `Name`) VALUES (805, 'wardkreiger');

